date,account,category,amount,currency,converted amount,currency,description
01/09/2018,Cash,Initial balance 'Cash',233,QAR,233,QAR,
01/09/2018,Credit  card,Initial balance 'Credit  card',"-5,158",QAR,"-5,158",QAR,
01/09/2018,Bank Account,Initial balance 'Bank Account',760,QAR,760,QAR,
01/09/2018,Borrowed,Initial balance 'Borrowed',431,QAR,431,QAR,
01/09/2018,Bank Account,To 'Credit  card',"-5,158",QAR,"-5,158",QAR,Credit card Payment 
01/09/2018,Credit  card,From 'Bank Account',"5,158",QAR,"5,158",QAR,Credit card Payment 
01/09/2018,Bank Account,Salary,"6,663",QAR,"6,663",QAR,Salary
01/09/2018,Cash,Food,-7.5,QAR,-7.5,QAR,Milk
01/09/2018,Credit  card,Food,-242.35,QAR,-242.35,QAR,Safari 
04/09/2018,Bank Account,To 'Chitti Nazir',"-1,600",QAR,"-1,600",QAR,ATM Withdrawal by Nazeer
04/09/2018,Borrowed,To 'Chitti Nazir',-400,QAR,-400,QAR,
04/09/2018,Chitti Nazir,From 'Bank Account',"1,600",QAR,"1,600",QAR,ATM Withdrawal by Nazeer
04/09/2018,Chitti Nazir,From 'Borrowed',400,QAR,400,QAR,
06/09/2018,Cash,Food,-7.5,QAR,-7.5,QAR,Water
06/09/2018,Cash,House,-2.5,QAR,-2.5,QAR,Super Glue
07/09/2018,Credit  card,Food,-200.45,QAR,-200.45,QAR,
07/09/2018,Cash,Eating out,-33,QAR,-33,QAR,
07/09/2018,Credit  card,Toiletry,-189,QAR,-189,QAR,
07/09/2018,Credit  card,School,-3,QAR,-3,QAR,Eracer
07/09/2018,Chitti Nazir,Initial balance 'Chitti Nazir',"10,000",QAR,"10,000",QAR,
07/09/2018,Credit  card,Transport,-916,QAR,-916,QAR,Ticket Booked for Father and Mother 
07/09/2018,Credit  card,Work,-279,QAR,-279,QAR,Laptop Bag
07/09/2018,Credit  card,School,-21,QAR,-21,QAR,School items 
07/09/2018,Cash,Car,-15,QAR,-15,QAR,Puncture 
07/09/2018,Cash,Eating out,-3,QAR,-3,QAR,Popcorn 
07/09/2018,Credit  card,Mobile,-8,QAR,-8,QAR,App purchase 
08/09/2018,Cash,Internet Share ,200,QAR,200,QAR,Internet Share
08/09/2018,Cash,Charity,-50,QAR,-50,QAR,Nal kumar
08/09/2018,Credit  card,Communications,-500,QAR,-500,QAR,Internet Bill Pay
08/09/2018,Cash,Food,-7.5,QAR,-7.5,QAR,Milk
08/09/2018,Cash,Food,-2.5,QAR,-2.5,QAR,Snakes 
10/09/2018,Cash,Food,-7.5,QAR,-7.5,QAR,Milk
12/09/2018,Cash,Food,-8,QAR,-8,QAR,Water
12/09/2018,Credit  card,Food,-126.75,QAR,-126.75,QAR,Grocery Grand
14/09/2018,Cash,Food,-20,QAR,-20,QAR,Gas Cylinder 
14/09/2018,Credit  card,Gifts,-65,QAR,-65,QAR,Clothe for Firoz's Son
14/09/2018,Credit  card,House,-79,QAR,-79,QAR,Kettle 79
14/09/2018,Credit  card,School,-15,QAR,-15,QAR,Tiffen Box
14/09/2018,Credit  card,Mobile,-19,QAR,-19,QAR,Mobile Holder
14/09/2018,Credit  card,Food,-3.25,QAR,-3.25,QAR,Chocolate 
14/09/2018,Credit  card,Food,-98.3,QAR,-98.3,QAR,Grocery Grand
15/09/2018,Cash,To 'Borrowed',-10,QAR,-10,QAR,Sameer Borrowed 
15/09/2018,Borrowed,From 'Cash',10,QAR,10,QAR,Sameer Borrowed 
16/09/2018,Credit  card,Health,-30,QAR,-30,QAR,Sidra Consultation Fee
16/09/2018,Credit  card,Eating out,-49,QAR,-49,QAR,Food MRA
16/09/2018,Cash,Gifts,-2,QAR,-2,QAR,Tip
16/09/2018,Credit  card,Food,-19.7,QAR,-19.7,QAR,Milk and vegetables 
20/09/2018,Credit  card,Health,-18.5,QAR,-18.5,QAR,Medicine Sidra
20/09/2018,Cash,Food,-8,QAR,-8,QAR,Water
20/09/2018,Cash,Charity,-2,QAR,-2,QAR,Tip
21/09/2018,Cash,House,-50,QAR,-50,QAR,Kitchen Appliances 
21/09/2018,Cash,Food,-13.5,QAR,-13.5,QAR,Grocery Ezdan
22/09/2018,Cash,Voucher ,50,QAR,50,QAR,Gift Voucher Lulu
22/09/2018,Credit  card,House,-33,QAR,-33,QAR,Tools
22/09/2018,Credit  card,Food,-234.7,QAR,-234.7,QAR,Grocery Lulu
22/09/2018,Credit  card,Transport,"-1,430",QAR,"-1,430",QAR,Ticket Booked for Father and Mother return
22/09/2018,Cash,Toiletry,-30,QAR,-30,QAR,Hair cut 
25/09/2018,Cash,Charity,-100,QAR,-100,QAR,Donation CMDRF - Noble
25/09/2018,Cash,Food,-9.5,QAR,-9.5,QAR,Milk and Snaks
25/09/2018,Cash,Charity,-10,QAR,-10,QAR,Tips Car Wash
25/09/2018,Credit  card,Food,-47.25,QAR,-47.25,QAR,Grocery Grand
27/09/2018,Cash,Food,-8,QAR,-8,QAR,Water
27/09/2018,Cash,Charity,-1,QAR,-1,QAR,Tip
27/09/2018,Cash,Food,-7.5,QAR,-7.5,QAR,Milk 
27/09/2018,Bank Account,Salary,"6,263",QAR,"6,263",QAR,Salary
27/09/2018,Bank Account,To 'Credit  card',"-3,000",QAR,"-3,000",QAR,Credit card Payment 
27/09/2018,Credit  card,From 'Bank Account',"3,000",QAR,"3,000",QAR,Credit card Payment 
28/09/2018,Credit  card,Clothes,-129.5,QAR,-129.5,QAR,Clothes
28/09/2018,Credit  card,Food,-329.2,QAR,-329.2,QAR,Grocery Safari
29/09/2018,Credit  card,Eating out,-26,QAR,-26,QAR,Ice cream City centre 
29/09/2018,Cash,Food,-8,QAR,-8,QAR,Water
30/09/2018,Cash,Other,-9.5,QAR,-9.5,QAR,Other and Correction 
01/10/2018,Bank Account,To 'Chitti Nazir',"-2,000",QAR,"-2,000",QAR,
01/10/2018,Chitti Nazir,From 'Bank Account',"2,000",QAR,"2,000",QAR,
01/10/2018,Cash,Food,-15,QAR,-15,QAR,Milk 
02/10/2018,Cash,Food,-12,QAR,-12,QAR,Fruits
02/10/2018,Cash,Food,-7,QAR,-7,QAR,Vegetables
02/10/2018,Bank Account,To 'Chitti Jamshad',-500,QAR,-500,QAR,
02/10/2018,Chitti Jamshad,From 'Bank Account',500,QAR,500,QAR,
03/10/2018,Credit  card,School,"-1,550",QAR,"-1,550",QAR,School Fees 
03/10/2018,Bank Account,Charity,-500,QAR,-500,QAR,To Liju
04/10/2018,Credit  card,Eating out,-57,QAR,-57,QAR,KFC
04/10/2018,Cash,Food,-8,QAR,-8,QAR,Water
06/10/2018,Credit  card,Mobile,-10,QAR,-10,QAR,Mobile recharge 
06/10/2018,Credit  card,House,-65,QAR,-65,QAR,Pillow and shoes
06/10/2018,Credit  card,Food,-367.7,QAR,-367.7,QAR,Grocery Lulu
07/10/2018,Credit  card,Health,-30,QAR,-30,QAR,Hospital Consultation Fee
07/10/2018,Credit  card,Health,-36,QAR,-36,QAR,Medicine Focus
07/10/2018,Cash,Food,-8,QAR,-8,QAR,Water
08/10/2018,Cash,Food,-19,QAR,-19,QAR,Tea Powder
08/10/2018,Bank Account,To 'Cash',-100,QAR,-100,QAR,
08/10/2018,Cash,From 'Bank Account',100,QAR,100,QAR,
09/10/2018,Bank Account,School,-500,QAR,-500,QAR,Taxi
10/10/2018,Cash,Food,-8,QAR,-8,QAR,Water
11/10/2018,Credit  card,Food,-219,QAR,-219,QAR,Grocery Safari
12/10/2018,Cash,Charity,-2,QAR,-2,QAR,Tip 
12/10/2018,Cash,Eating out,-6,QAR,-6,QAR,Tea and Snacks
13/10/2018,Cash,Food,-20,QAR,-20,QAR,Gas Cylinder 
13/10/2018,Credit  card,Health,-100,QAR,-100,QAR,Hospital Fee
14/10/2018,Cash,Food,-8,QAR,-8,QAR,Water
15/10/2018,Cash,Internet Share ,100,QAR,100,QAR,
17/10/2018,Cash,Food,-8,QAR,-8,QAR,Water
17/10/2018,Credit  card,House,-3.65,QAR,-3.65,QAR,Amazon Prime 
18/10/2018,Credit  card,Food,-147.15,QAR,-147.15,QAR,Grocery Grand
18/10/2018,Cash,Food,-8,QAR,-8,QAR,Milk 
20/10/2018,Cash,Eating out,-8,QAR,-8,QAR,Tea Safari
20/10/2018,Cash,Food,-7,QAR,-7,QAR,Water
20/10/2018,Cash,Food,-6,QAR,-6,QAR,Juice
20/10/2018,Cash,Eating out,-5,QAR,-5,QAR,Ice cream  McDonald's 
20/10/2018,Credit  card,Food,-221.5,QAR,-221.5,QAR,Grocery Safari
20/10/2018,Credit  card,Other,-17,QAR,-17,QAR,Cricket Balls
23/10/2018,Cash,Food,-8,QAR,-8,QAR,Water
24/10/2018,Credit  card,Food,-49.5,QAR,-49.5,QAR,Grocery Grand
24/10/2018,Cash,Food,-1.5,QAR,-1.5,QAR,Juice 
25/10/2018,Credit  card,Eating out,-69,QAR,-69,QAR,Food Rotana
25/10/2018,Cash,Charity,-5,QAR,-5,QAR,Tip Rotana
25/10/2018,Bank Account,To 'Credit  card',-150,QAR,-150,QAR,
25/10/2018,Credit  card,From 'Bank Account',150,QAR,150,QAR,
26/10/2018,Bank Account,To 'Credit  card',-100,QAR,-100,QAR,
26/10/2018,Credit  card,From 'Bank Account',100,QAR,100,QAR,
26/10/2018,Cash,Food,-8,QAR,-8,QAR,Orange 
26/10/2018,Cash,Food,-4,QAR,-4,QAR,Grocery
26/10/2018,Cash,Eating out,-10,QAR,-10,QAR,Tea
26/10/2018,Credit  card,Other,-41,QAR,-41,QAR,Purchase Home town
26/10/2018,Credit  card,Food,-118.45,QAR,-118.45,QAR,Grocery Safari
27/10/2018,Cash,Food,-58,QAR,-58,QAR,Fish 
30/10/2018,Bank Account,Salary,"6,263",QAR,"6,263",QAR,Salary
30/10/2018,Bank Account,To 'Credit  card',"-4,300",QAR,"-4,300",QAR,
30/10/2018,Credit  card,From 'Bank Account',"4,300",QAR,"4,300",QAR,
30/10/2018,Credit  card,Food,-143.2,QAR,-143.2,QAR,Grocery Grand
30/10/2018,Credit  card,House,-61.5,QAR,-61.5,QAR,Home item's 
31/10/2018,Credit  card,Health,-21.24,QAR,-21.24,QAR,Medicine Sidra
01/11/2018,Credit  card,Communications,-500,QAR,-500,QAR,Internet Bill Pay
01/11/2018,Cash,Eating out,-57,QAR,-57,QAR,Safari Food  Court 
01/11/2018,Bank Account,To 'Cash',-700,QAR,-700,QAR,
01/11/2018,Cash,From 'Bank Account',700,QAR,700,QAR,
01/11/2018,Credit  card,House,-126,QAR,-126,QAR,Safari Clothes 
01/11/2018,Credit  card,Food,-227.2,QAR,-227.2,QAR,Grocery Safari
01/11/2018,Cash,House,-10,QAR,-10,QAR,
02/11/2018,Cash,Entertainment,-4,QAR,-4,QAR,Parking
04/11/2018,Cash,Eating out,-10,QAR,-10,QAR,Snacks
04/11/2018,Cash,Entertainment,-20,QAR,-20,QAR,Entry Ticket 
04/11/2018,Cash,Eating out,-19,QAR,-19,QAR,Ice cream 
04/11/2018,Cash,Food,-2.5,QAR,-2.5,QAR,Tomato 
04/11/2018,Cash,School,-15,QAR,-15,QAR,Tie 
04/11/2018,Bank Account,Other,-310,QAR,-310,QAR,Repayment to Jamsheed 
05/11/2018,Credit  card,Clothes,-332.75,QAR,-332.75,QAR,Clothes Ansar galary
05/11/2018,Credit  card,House,-93.75,QAR,-93.75,QAR,Home item's 
05/11/2018,Credit  card,Food,-109.7,QAR,-109.7,QAR,Grocery Ansar Galary
05/11/2018,Credit  card,Gifts,-147.25,QAR,-147.25,QAR,Purchase Home town
06/11/2018,Cash,Car,-15,QAR,-15,QAR,Car Wash 
07/11/2018,Credit  card,Mobile,-10,QAR,-10,QAR,Mobile recharge 
08/11/2018,Credit  card,Food,-157.75,QAR,-157.75,QAR,Grocery Grand
08/11/2018,Credit  card,Food,-6.25,QAR,-6.25,QAR,Grocery Grand
08/11/2018,Cash,House,-10,QAR,-10,QAR,Tap
09/11/2018,Cash,Eating out,-18,QAR,-18,QAR,Nobile Cafeteria
09/11/2018,Cash,Food,-20,QAR,-20,QAR,Gas Cylinder 
10/11/2018,Cash,Eating out,-3,QAR,-3,QAR,Popcorn 
10/11/2018,Cash,Eating out,-10,QAR,-10,QAR,Snacks
10/11/2018,Credit  card,Gifts,-156,QAR,-156,QAR,Purchase Home town
10/11/2018,Credit  card,House,-22,QAR,-22,QAR,Home item's 
11/11/2018,Credit  card,School,-24,QAR,-24,QAR,School items 
11/11/2018,Bank Account,To 'Cash',-600,QAR,-600,QAR,
11/11/2018,Cash,From 'Bank Account',600,QAR,600,QAR,
11/11/2018,Credit  card,Food,-234.95,QAR,-234.95,QAR,Grocery Lulu
11/11/2018,Cash,To 'Chitti Jamshad',-500,QAR,-500,QAR,
11/11/2018,Chitti Jamshad,From 'Cash',500,QAR,500,QAR,
11/11/2018,Cash,Internet Share ,100,QAR,100,QAR,Internet Share
12/11/2018,Cash,School,-500,QAR,-500,QAR,Taxi
12/11/2018,Credit  card,Mobile,-23.2,QAR,-23.2,QAR,True Caller Purchase 
14/11/2018,Cash,Eating out,-27,QAR,-27,QAR,Omlaite and juice 
14/11/2018,Cash,Food,-10,QAR,-10,QAR,Milk and Snaks
15/11/2018,Cash,Food,-14,QAR,-14,QAR,Milk
16/11/2018,Credit  card,Eating out,-92,QAR,-92,QAR,Food MRA
16/11/2018,Cash,Charity,-5,QAR,-5,QAR,Tip MRA
16/11/2018,Cash,Food,-13,QAR,-13,QAR,Milk at Baladana
16/11/2018,Cash,Car,-2,QAR,-2,QAR,Parking Al bida park
16/11/2018,Credit  card,House,-55,QAR,-55,QAR,Mic 
16/11/2018,Credit  card,Food,-35.25,QAR,-35.25,QAR,Grocery Grand
16/11/2018,Credit  card,Food,-36,QAR,-36,QAR,Nestle. Milk powder Baby
17/11/2018,Cash,Eating out,-14,QAR,-14,QAR,Snacks 
17/11/2018,Credit  card,Food,-268.48,QAR,-268.48,QAR,Grocery Safari
17/11/2018,Credit  card,Gifts,-112,QAR,-112,QAR,Purchase Home town
17/11/2018,Cash,Toiletry,-30,QAR,-30,QAR,Hair cut 
20/11/2018,Cash,Food,-17.5,QAR,-17.5,QAR,Coffee powder and Milk 
21/11/2018,Cash,Charity,-10,QAR,-10,QAR,Charity 
22/11/2018,Credit  card,Gifts,-163.25,QAR,-163.25,QAR,Purchase Home town
22/11/2018,Credit  card,Eating out,-64,QAR,-64,QAR,Dinner  Ansar Galary
22/11/2018,Cash,Eating out,-10,QAR,-10,QAR,Dinner  Ansar Galary
22/11/2018,Credit  card,Gifts,-55,QAR,-55,QAR,Purchase Home town 
22/11/2018,Credit  card,Food,-37.75,QAR,-37.75,QAR,Grocery Ansar Galary
22/11/2018,Cash,Entertainment,-2,QAR,-2,QAR,Massage 
23/11/2018,Credit  card,Entertainment,-299,QAR,-299,QAR,Mic and Speakers 299
23/11/2018,Credit  card,Clothes,-5,QAR,-5,QAR,Clothes
23/11/2018,Credit  card,Gifts,-49,QAR,-49,QAR,Purchase Home town 
23/11/2018,Bank Account,To 'Cash',-200,QAR,-200,QAR,
23/11/2018,Cash,From 'Bank Account',200,QAR,200,QAR,
23/11/2018,Cash,Eating out,-16,QAR,-16,QAR,Snacks 
23/11/2018,Credit  card,Gifts,-100.5,QAR,-100.5,QAR,Purchase Home town 
23/11/2018,Credit  card,Gifts,-500,QAR,-500,QAR,Gold purchase Alukkas 
23/11/2018,Bank Account,Gifts,"-1,885",QAR,"-1,885",QAR,Gold purchase Alukkas 
23/11/2018,Credit  card,House,-17,QAR,-17,QAR,Toy
23/11/2018,Cash,Clothes,-160,QAR,-160,QAR,Pardha
23/11/2018,Chitti Nazir,To 'Bank Account',"-13,000",QAR,"-13,000",QAR,
23/11/2018,Bank Account,From 'Chitti Nazir',"13,000",QAR,"13,000",QAR,
24/11/2018,Cash,Food,-33.5,QAR,-33.5,QAR,Fish from market
24/11/2018,Credit  card,Car,-12,QAR,-12,QAR,Airport Parking
24/11/2018,Credit  card,Gifts,-23,QAR,-23,QAR,Purchase Home town Grand
24/11/2018,Cash,Charity,-10,QAR,-10,QAR,Charity  Donation
24/11/2018,Bank Account,To 'Credit  card',"-3,050",QAR,"-3,050",QAR,
24/11/2018,Credit  card,From 'Bank Account',"3,050",QAR,"3,050",QAR,
24/11/2018,Credit  card,Food,-167.25,QAR,-167.25,QAR,Grocery Lulu
26/11/2018,Credit  card,Health,-50,QAR,-50,QAR,Sidra Consultation Fee
28/11/2018,Bank Account,Salary,"6,263",QAR,"6,263",QAR,Salary
29/11/2018,Credit  card,Work,-5,QAR,-5,QAR,Domain Purchase 
29/11/2018,Credit  card,Mobile,-10,QAR,-10,QAR,Mobile recharge 
30/11/2018,Credit  card,Food,-58.1,QAR,-58.1,QAR,Grocery Grand
30/11/2018,Cash,Food,-6,QAR,-6,QAR,Grocery Ezdan 
02/12/2018,Bank Account,To 'Cash',"-14,500",QAR,"-14,500",QAR,
02/12/2018,Cash,From 'Bank Account',"14,500",QAR,"14,500",QAR,
02/12/2018,Cash,To 'NRI Account',"-10,525",QAR,"-10,525",QAR,
02/12/2018,NRI Account,From 'Cash',"199,999.996",INR,"10,525",QAR,
02/12/2018,Cash,Bills,-15,QAR,-15,QAR,Commission Money Exchange 
02/12/2018,Credit  card,Food,-204.15,QAR,-204.15,QAR,Grocery Lulu
02/12/2018,Credit  card,House,-669,QAR,-669,QAR,Microwave woven 
02/12/2018,Credit  card,House,-25,QAR,-25,QAR,Plate for oven
03/12/2018,Cash,To 'Chitti Jamshad',-500,QAR,-500,QAR,
03/12/2018,Chitti Jamshad,From 'Cash',500,QAR,500,QAR,
04/12/2018,Cash,Eating out,-14,QAR,-14,QAR,Snacks Star Burger 
04/12/2018,Cash,Health,-30,QAR,-30,QAR,Sidra Consultation Fee
04/12/2018,Credit  card,Health,-43,QAR,-43,QAR,Medicine Sidra
04/12/2018,Cash,To 'Chitti Nazir',"-2,000",QAR,"-2,000",QAR,
04/12/2018,Chitti Nazir,From 'Cash',"2,000",QAR,"2,000",QAR,
06/12/2018,Cash,Eating out,-1,QAR,-1,QAR,Snacks Sidra
06/12/2018,Credit  card,Health,-30,QAR,-30,QAR,Sidra Consultation Fee
06/12/2018,Credit  card,Eating out,-54,QAR,-54,QAR,Food MRA
06/12/2018,Cash,Gifts,-5,QAR,-5,QAR,Tip MRA
06/12/2018,Credit  card,Food,-66.75,QAR,-66.75,QAR,Grocery Grand
08/12/2018,Cash,Food,-35,QAR,-35,QAR,Fish from market
09/12/2018,Cash,Food,-10,QAR,-10,QAR,Milk and Snaks
09/12/2018,Cash,School,-500,QAR,-500,QAR,Taxi
09/12/2018,Cash,Internet Share ,100,QAR,100,QAR,Internet Share
11/12/2018,Credit  card,Food,-436.15,QAR,-436.15,QAR,Grocery Safari
11/12/2018,Cash,Eating out,-25,QAR,-25,QAR,Safari Food  Court 
14/12/2018,Cash,Food,-20,QAR,-20,QAR,Gas Cylinder 
18/12/2018,Credit  card,Eating out,-10,QAR,-10,QAR,Juice and Snacks Grand
20/12/2018,Credit  card,Food,-177.85,QAR,-177.85,QAR,Grocery Safari
20/12/2018,Credit  card,Food,-25.25,QAR,-25.25,QAR,Grocery Safari
20/12/2018,NRI Account,To 'Jamshad',"-23,500",INR,"-1,236.57",QAR,Lending 
20/12/2018,Jamshad,From 'NRI Account',"23,500",INR,"1,236.57",QAR,Lending 
20/12/2018,NRI Account,Charity,"-2,000",INR,-105.24,QAR,Charity  Donation
20/12/2018,NRI Account,Bills,"-2,250",INR,-118.395,QAR,Repayment to Uppa
20/12/2018,NRI Account,Charity,"-26,000",INR,"-1,368.12",QAR,Zakath for 2018
21/12/2018,Cash,Eating out,-32,QAR,-32,QAR,Safari Food  Court 
21/12/2018,Cash,Food,-17.5,QAR,-17.5,QAR,Grocery Ezdan
24/12/2018,Credit  card,Mobile,-10,QAR,-10,QAR,Mobile recharge 
24/12/2018,Cash,School,-2,QAR,-2,QAR,Photo Copy
25/12/2018,NRI Account,Other,"-8,500",INR,-447.27,QAR,Aqeeqa
26/12/2018,NRI Account,Other,"-3,000",INR,-157.86,QAR,Sudheerka Donation 
26/12/2018,Credit  card,Food,-164,QAR,-164,QAR,Grocery Lulu
26/12/2018,Credit  card,Eating out,-42,QAR,-42,QAR,KFC
26/12/2018,Cash,Other,-25,QAR,-25,QAR,Photo Dubai Studio 
27/12/2018,Cash,Other,-8,QAR,-8,QAR,Photo Copy Embassy 
29/12/2018,Cash,Car,-15,QAR,-15,QAR,Car Wash 
29/12/2018,Badusha,Initial balance 'Badusha',"10,000",INR,526.2,QAR,
29/12/2018,Sakeer,Initial balance 'Sakeer',"10,000",INR,526.2,QAR,
30/12/2018,NRI Account,Charity,"-2,000",INR,-105.24,QAR,Yahiya Donation
30/12/2018,Bank Account,Salary,"6,263",QAR,"6,263",QAR,Salary
30/12/2018,Bank Account,To 'Credit  card',"-3,753",QAR,"-3,753",QAR,
30/12/2018,Credit  card,From 'Bank Account',"3,753",QAR,"3,753",QAR,
31/12/2018,Cash,Other,-20,QAR,-20,QAR,Passport Form fill
31/12/2018,Cash,Other,-14,QAR,-14,QAR,Photo Copy Embassy 
31/12/2018,Cash,Other,-46,QAR,-46,QAR,Certificate attestation Embassy 
01/01/2019,Credit  card,Communications,-500,QAR,-500,QAR,Ooreedoo Bill
01/01/2019,Cash,Other,-192,QAR,-192,QAR,Passport Renewal
01/01/2019,Credit  card,Food,-72,QAR,-72,QAR,Grocery Grand
03/01/2019,Credit  card,Food,-107.5,QAR,-107.5,QAR,Grocery Safari
03/01/2019,Bank Account,To 'Cash',"-2,500",QAR,"-2,500",QAR,
03/01/2019,Cash,From 'Bank Account',"2,500",QAR,"2,500",QAR,
03/01/2019,Cash,To 'Chitti Nazir',"-1,500",QAR,"-1,500",QAR,Nazi
03/01/2019,Chitti Nazir,From 'Cash',"1,500",QAR,"1,500",QAR,Nazi
03/01/2019,Cash,To 'Chitti Ashraf',"-1,000",QAR,"-1,000",QAR,
03/01/2019,Chitti Ashraf,From 'Cash',"1,000",QAR,"1,000",QAR,
03/01/2019,Cash,Eating out,-12,QAR,-12,QAR,Shawarma
03/01/2019,Cash,Eating out,-21,QAR,-21,QAR,Safari Food  Court 
04/01/2019,Cash,To 'Chitti Jamshad',-500,QAR,-500,QAR,
04/01/2019,Chitti Jamshad,From 'Cash',500,QAR,500,QAR,
05/01/2019,Credit  card,School,"-1,550",QAR,"-1,550",QAR,School Fees 
05/01/2019,Credit  card,Clothes,-82,QAR,-82,QAR,Shoes and Chappell 
05/01/2019,Credit  card,Food,-91.65,QAR,-91.65,QAR,Grocery Safari
05/01/2019,Credit  card,Food,-12.3,QAR,-12.3,QAR,Grocery Safari
05/01/2019,Credit  card,Gold Purchase,-495,QAR,-495,QAR,Gold purchase Alukkas Diya
05/01/2019,Credit  card,Voucher ,40,QAR,40,QAR,Safari Card
09/01/2019,Credit  card,Food,-151.7,QAR,-151.7,QAR,Grocery Lulu
09/01/2019,Credit  card,House,-15,QAR,-15,QAR,Matt 
09/01/2019,Bank Account,To 'Cash',-50,QAR,-50,QAR,ATM Withdrawal
09/01/2019,Cash,From 'Bank Account',50,QAR,50,QAR,ATM Withdrawal
10/01/2019,Borrowed,Browed,250,QAR,250,QAR,Borrowed From Sameer
10/01/2019,Borrowed,To 'Cash',-250,QAR,-250,QAR,
10/01/2019,Cash,From 'Borrowed',250,QAR,250,QAR,
10/01/2019,Cash,School,-300,QAR,-300,QAR,Taxi(275 is actual)
15/01/2019,Cash,Food,-9,QAR,-9,QAR,Milk and vegetables Ezdan
16/01/2019,Credit  card,Clothes,-50,QAR,-50,QAR,Safari Clothes 
16/01/2019,Credit  card,Food,-225.05,QAR,-225.05,QAR,Grocery Safari
16/01/2019,Credit  card,Food,-12.5,QAR,-12.5,QAR,Grocery Safari
18/01/2019,Credit  card,Work,-41,QAR,-41,QAR,Android Course Udemy
19/01/2019,Credit  card,Clothes,-187,QAR,-187,QAR,Clothes Lulu
19/01/2019,Credit  card,Eating out,-9.5,QAR,-9.5,QAR,Snacks Lulu
19/01/2019,Borrowed,Browed,24,QAR,24,QAR,Borrowed From Jameer for fish
19/01/2019,Borrowed,Food,-24,QAR,-24,QAR,Fish from market
20/01/2019,Credit  card,Food,-13,QAR,-13,QAR,Milk 
25/01/2019,Credit  card,Food,-16.75,QAR,-16.75,QAR,Milk and Snaks
26/01/2019,Credit  card,House,-656,QAR,-656,QAR,599+22+10+25
26/01/2019,Credit  card,Clothes,-23,QAR,-23,QAR,Safari Clothes 
26/01/2019,Credit  card,Food,-233.4,QAR,-233.4,QAR,Grocery Safari 207.40+26
26/01/2019,Credit  card,Health,-11.3,QAR,-11.3,QAR,Medicine Safari
26/01/2019,Cash,Eating out,-37,QAR,-37,QAR,Safari Food  Court 
26/01/2019,Cash,House,-30,QAR,-30,QAR,Hair cut 
26/01/2019,Cash,Internet Share ,100,QAR,100,QAR,Internet Share
27/01/2019,Cash,Health,-5,QAR,-5,QAR,Medicine Hamad
27/01/2019,Cash,To 'Bank Account',-13.5,QAR,-13.5,QAR,Correction
27/01/2019,Bank Account,From 'Cash',13.5,QAR,13.5,QAR,Correction
29/01/2019,Cash,Food,-20,QAR,-20,QAR,Gas Cylinder 
30/01/2019,Cash,Gifts,-5,QAR,-5,QAR,Sanooka
30/01/2019,Bank Account,Salary,"9,195",QAR,"9,195",QAR,Salary
30/01/2019,Bank Account,To 'Credit  card',"-3,800",QAR,"-3,800",QAR,
30/01/2019,Credit  card,From 'Bank Account',"3,800",QAR,"3,800",QAR,
31/01/2019,Credit  card,Health,-11,QAR,-11,QAR,Medicine PHCC
31/01/2019,Credit  card,Health,-100,QAR,-100,QAR,Health Card Renewal
31/01/2019,Cash,House,-15,QAR,-15,QAR,Battery Smart Watch 
31/01/2019,Credit  card,Eating out,-12,QAR,-12,QAR,Grand Food
31/01/2019,Credit  card,To 'Cash',-30,QAR,-30,QAR,Borrowed Credit Card
31/01/2019,Cash,From 'Credit  card',30,QAR,30,QAR,Borrowed Credit Card
01/02/2019,Cash,Food,-8,QAR,-8,QAR,Milk 
02/02/2019,Credit  card,Mobile,-10,QAR,-10,QAR,Mobile recharge 
02/02/2019,Credit  card,Food,-39,QAR,-39,QAR,Grocery Grand
02/02/2019,Credit  card,Food,-249.65,QAR,-249.65,QAR,Grocery Lulu
02/02/2019,Credit  card,Food,-54.55,QAR,-54.55,QAR,Grocery Lulu
02/02/2019,Bank Account,To 'Cash',"-1,700",QAR,"-1,700",QAR,
02/02/2019,Cash,From 'Bank Account',"1,700",QAR,"1,700",QAR,
06/02/2019,Credit  card,Food,-13,QAR,-13,QAR,Milk Grand
07/02/2019,Cash,Eating out,-27,QAR,-27,QAR,Food Biathal meshaf
07/02/2019,Cash,To 'Chitti Jamshad',-500,QAR,-500,QAR,
07/02/2019,Chitti Jamshad,From 'Cash',500,QAR,500,QAR,
08/02/2019,Credit  card,Communications,-500,QAR,-500,QAR,Internet Bill Pay
09/02/2019,Credit  card,House,-149,QAR,-149,QAR,Vacuum cleaner Safari 
09/02/2019,Credit  card,House,-64.75,QAR,-64.75,QAR,Misc
09/02/2019,Credit  card,Clothes,-60,QAR,-60,QAR,Safari Clothes 
09/02/2019,Credit  card,Food,-166.25,QAR,-166.25,QAR,Grocery Safari 
09/02/2019,Bank Account,To 'Chitti Nazir',"-2,500",QAR,"-2,500",QAR,
09/02/2019,Chitti Nazir,To 'Cash',"-12,500",QAR,"-12,500",QAR,
09/02/2019,Chitti Nazir,From 'Bank Account',"2,500",QAR,"2,500",QAR,
09/02/2019,Cash,From 'Chitti Nazir',"12,500",QAR,"12,500",QAR,
11/02/2019,Cash,Food,-10,QAR,-10,QAR,Milk and Snaks
11/02/2019,Chitti Nazir,To 'Bank Account',"-2,500",QAR,"-2,500",QAR,
11/02/2019,Bank Account,From 'Chitti Nazir',"2,500",QAR,"2,500",QAR,
11/02/2019,Cash,School,-475,QAR,-475,QAR,Taxi
11/02/2019,Cash,To 'Chitti Ashraf',"-1,000",QAR,"-1,000",QAR,
11/02/2019,Chitti Ashraf,From 'Cash',"1,000",QAR,"1,000",QAR,
11/02/2019,Credit  card,Other,-200,QAR,-200,QAR,Credit Yearly Charges 
13/02/2019,Credit  card,Health,-100,QAR,-100,QAR,Catheter Sidra
13/02/2019,Credit  card,Food,-13,QAR,-13,QAR,Milk
13/02/2019,Cash,Internet Share ,100,QAR,100,QAR,Internet Share
15/02/2019,Cash,Food,-9,QAR,-9,QAR,Grocery Ezdan 
15/02/2019,Credit  card,Other,-50,QAR,-50,QAR,As per statement 
16/02/2019,Credit  card,Food,-262.7,QAR,-262.7,QAR,Grocery Lulu
16/02/2019,Cash,Eating out,-32,QAR,-32,QAR,KFC
16/02/2019,Cash,Car,-15,QAR,-15,QAR,Car Wash 
16/02/2019,Cash,Eating out,-8,QAR,-8,QAR,Snaks Star Burger 
18/02/2019,Borrowed,Other,-250,QAR,-250,QAR,Return to Sameer
18/02/2019,Cash,School,-30,QAR,-30,QAR,Class Photo
19/02/2019,Cash,Eating out,-15,QAR,-15,QAR,BBQ Kottaram
19/02/2019,Credit  card,Health,-11.11,QAR,-11.11,QAR,Medicine Sidra
19/02/2019,Cash,To 'Borrowed',-250,QAR,-250,QAR,Sameer Borrowed Return 
19/02/2019,Borrowed,From 'Cash',250,QAR,250,QAR,Sameer Borrowed Return 
20/02/2019,Cash,School,-150,QAR,-150,QAR,Graduations Day Fee
21/02/2019,Credit  card,Clothes,-247,QAR,-247,QAR,Clothes Lulu
23/02/2019,Cash,Food,-3,QAR,-3,QAR,Yogurt Grocery 
24/02/2019,Cash,Health,-200,QAR,-200,QAR,Health Card Renewal
24/02/2019,Cash,Car,-20,QAR,-20,QAR,Petrol 
25/02/2019,Cash,Food,-8,QAR,-8,QAR,Milk Grocery 
26/02/2019,Credit  card,Food,-156.8,QAR,-156.8,QAR,Grocery  Grand
26/02/2019,Credit  card,Mobile,-60,QAR,-60,QAR,Surface Case
27/02/2019,Bank Account,Salary,"24,207",QAR,"24,207",QAR,Salary
27/02/2019,Bank Account,To 'Credit  card',"-3,230",QAR,"-3,230",QAR,Credit card Payment 
27/02/2019,Credit  card,From 'Bank Account',"3,230",QAR,"3,230",QAR,Credit card Payment 
28/02/2019,Cash,Health,-5,QAR,-5,QAR,Medicine Hamad
01/03/2019,Credit  card,Entertainment,"-2,699",QAR,"-2,699",QAR,Camera Purchase 
01/03/2019,Credit  card,Food,-251.95,QAR,-251.95,QAR,Grocery Lulu
04/03/2019,Cash,Health,-5,QAR,-5,QAR,Medicine Hamad
06/03/2019,Credit  card,Mobile,-10,QAR,-10,QAR,Mobile recharge 
06/03/2019,Cash,To 'Chitti Jamshad',-500,QAR,-500,QAR,
06/03/2019,Chitti Jamshad,From 'Cash',500,QAR,500,QAR,
07/03/2019,Cash,Eating out,-30,QAR,-30,QAR,Shawarma
07/03/2019,Credit  card,Food,-76,QAR,-76,QAR,Grocery Grand
07/03/2019,Credit  card,House,-100,QAR,-100,QAR,ID Card Passport details change 
07/03/2019,Cash,To 'Chitti Ashraf',"-1,000",QAR,"-1,000",QAR,
07/03/2019,Chitti Ashraf,From 'Cash',"1,000",QAR,"1,000",QAR,
08/03/2019,Cash,Eating out,-14,QAR,-14,QAR,Grocery Ezdan Disposable plates
09/03/2019,Credit  card,Eating out,-63,QAR,-63,QAR,KFC
09/03/2019,Credit  card,Food,-60,QAR,-60,QAR,Grocery Carrefour 
10/03/2019,Cash,School,-500,QAR,-500,QAR,Taxi
10/03/2019,Cash,To 'Chitti Nazir',"-2,000",QAR,"-2,000",QAR,Chitti200
10/03/2019,Chitti Nazir,From 'Cash',"2,000",QAR,"2,000",QAR,Chitti200
11/03/2019,Credit  card,Gifts,-10,QAR,-10,QAR,Gift
11/03/2019,Credit  card,Food,-127.75,QAR,-127.75,QAR,Grocery Grand 
12/03/2019,Cash,Food,-20,QAR,-20,QAR,Grocery Ezdan shabana
13/03/2019,Cash,Food,-20,QAR,-20,QAR,Gas Cylinder 
14/03/2019,Cash,Clothes,-55,QAR,-55,QAR,Safari Clothes 
14/03/2019,Credit  card,Clothes,-45,QAR,-45,QAR,Safari Clothes 
14/03/2019,Credit  card,Food,-226.35,QAR,-226.35,QAR,Grocery Safari 
14/03/2019,Credit  card,Eating out,-64,QAR,-64,QAR,Food Rotana
15/03/2019,Cash,Food,-5,QAR,-5,QAR,Grocery Ezdan Coriander and Pothena
15/03/2019,Cash,Internet Share ,100,QAR,100,QAR,Internet Share
15/03/2019,Cash,Food,-5,QAR,-5,QAR,Grocery Ezdan 
16/03/2019,Cash,Car,-6,QAR,-6,QAR,Parking City centre 
16/03/2019,Cash,Eating out,-6,QAR,-6,QAR,Ice cream  McDonald's 
16/03/2019,Cash,Eating out,-15,QAR,-15,QAR,Omlaite 
16/03/2019,Cash,Entertainment,-20,QAR,-20,QAR,Alkhor park entry 
19/03/2019,Cash,House,-170,QAR,-170,QAR,Return To Jojo
19/03/2019,Credit  card,Food,-150.75,QAR,-150.75,QAR,Grocery  Grand
20/03/2019,Cash,Food,-10,QAR,-10,QAR,Grocery Ezdan Milk Binu
20/03/2019,Cash,School,-230,QAR,-230,QAR,Taxi Fare
21/03/2019,Cash,Clothes,-20,QAR,-20,QAR,Fancy items Diya Lulu 
21/03/2019,Cash,Eating out,-11,QAR,-11,QAR,Tea and Snacks Souq
21/03/2019,Cash,Car,-15,QAR,-15,QAR,Car Wash 
21/03/2019,Credit  card,Eating out,-61,QAR,-61,QAR,KFC
21/03/2019,Credit  card,Food,-73.55,QAR,-73.55,QAR,Grocery lulu 
21/03/2019,Bank Account,To 'Credit  card',"-4,210",QAR,"-4,210",QAR,Credit card Payment 
21/03/2019,Credit  card,From 'Bank Account',"4,210",QAR,"4,210",QAR,Credit card Payment 
22/03/2019,Cash,Food,-5,QAR,-5,QAR,Grocery Ezdan Coriander and Pothena
24/03/2019,Credit  card,School,"-3,650",QAR,"-3,650",QAR,School Fees +Transport 
24/03/2019,Credit  card,Food,-139.5,QAR,-139.5,QAR,Grocery Safari
26/03/2019,Credit  card,Car,-250,QAR,-250,QAR,Licence Renewal 
27/03/2019,Cash,Health,-10,QAR,-10,QAR,Medicine Hamad
28/03/2019,Bank Account,Salary,"6,957",QAR,"6,957",QAR,Salary 
29/03/2019,Credit  card,Gifts,-137.75,QAR,-137.75,QAR,Things to hometown 103.75+34
29/03/2019,Cash,Eating out,-34,QAR,-34,QAR,Baithal meshawi parcel
29/03/2019,Cash,Car,-6,QAR,-6,QAR,Parking Airport 
29/03/2019,Credit  card,House,-154.25,QAR,-154.25,QAR,Toys and Misc
29/03/2019,Credit  card,Gifts,-95,QAR,-95,QAR,Toy Car Ayan
30/03/2019,Credit  card,Food,-59.85,QAR,-59.85,QAR,Grocery Grand 
01/04/2019,Cash,School,-170,QAR,-170,QAR,Uniform 2 shirt and 2 Pants 
01/04/2019,Credit  card,Health,-50,QAR,-50,QAR,Sidra Ultra Sound 
01/04/2019,Credit  card,Eating out,-59,QAR,-59,QAR,Food MRA
01/04/2019,Credit  card,House,-30,QAR,-30,QAR,Watch Max
01/04/2019,Credit  card,School,-99.5,QAR,-99.5,QAR,Lulu bag and school things 
01/04/2019,Credit  card,Food,-334.95,QAR,-334.95,QAR,Grocery lulu 
01/04/2019,Credit  card,Health,-16,QAR,-16,QAR,Tape Pharmacy 
01/04/2019,Cash,To 'Chitti Jamshad',-500,QAR,-500,QAR,
01/04/2019,Bank Account,To 'Credit  card',"-2,000",QAR,"-2,000",QAR,
01/04/2019,Chitti Jamshad,From 'Cash',500,QAR,500,QAR,
01/04/2019,Credit  card,From 'Bank Account',"2,000",QAR,"2,000",QAR,
02/04/2019,Credit  card,Entertainment,-118.12,QAR,-118.12,QAR,Tripod 
03/04/2019,Credit  card,Communications,-697,QAR,-697,QAR,Ooreedoo Bill
04/04/2019,Credit  card,Food,-16,QAR,-16,QAR,Grocery Grand 
05/04/2019,Cash,House,-30,QAR,-30,QAR,Hair cut 
05/04/2019,Cash,To 'Chitti Nazir',"-2,000",QAR,"-2,000",QAR,April 
05/04/2019,Cash,To 'Chitti Ashraf',"-1,000",QAR,"-1,000",QAR,April 
05/04/2019,Chitti Nazir,From 'Cash',"2,000",QAR,"2,000",QAR,April 
05/04/2019,Chitti Ashraf,From 'Cash',"1,000",QAR,"1,000",QAR,April 
07/04/2019,Credit  card,Food,-40.5,QAR,-40.5,QAR,Grocery Grand 
09/04/2019,Credit  card,Health,-30,QAR,-30,QAR,Sidra Consultation Fee
09/04/2019,Credit  card,Eating out,-64,QAR,-64,QAR,Zaitoon restaurant 
12/04/2019,Cash,Food,-3.5,QAR,-3.5,QAR,Grocery Ezdan
12/04/2019,Cash,Gold Purchase,-128,QAR,-128,QAR,Gold Purchase Akshaya
12/04/2019,Bank Account,Gold Purchase,"-1,100",QAR,"-1,100",QAR,Gold Purchase Akshaya
12/04/2019,Credit  card,Food,-326.25,QAR,-326.25,QAR,Grocery lulu 
13/04/2019,Cash,School,-160,QAR,-160,QAR,Blazers 
13/04/2019,Cash,Eating out,-17,QAR,-17,QAR,Safari Food  Court 
13/04/2019,Credit  card,Food,-92.15,QAR,-92.15,QAR,Grocery Safari 
13/04/2019,Credit  card,Health,-11.3,QAR,-11.3,QAR,Wellcare Pharmacy Safari 
17/04/2019,Cash,School,-50,QAR,-50,QAR,Tour fee
19/04/2019,Cash,Food,-6.5,QAR,-6.5,QAR,Grocery Ezdan 
20/04/2019,Cash,School,-150,QAR,-150,QAR,Madrasa Fee
20/04/2019,Credit  card,Food,-20,QAR,-20,QAR,Grocery Grand 
21/04/2019,Cash,Eating out,-7,QAR,-7,QAR,Food court Safari 
21/04/2019,Cash,Gifts,-3,QAR,-3,QAR,Tip Rotana
21/04/2019,Bank Account,To 'Credit  card',"-4,759.74",QAR,"-4,759.74",QAR,Credit card Payment 
21/04/2019,Credit  card,From 'Bank Account',"4,759.74",QAR,"4,759.74",QAR,Credit card Payment 
21/04/2019,Credit  card,Health,-30,QAR,-30,QAR,Sidra Consultation Fee
21/04/2019,Credit  card,Health,-63.52,QAR,-63.52,QAR,Medicine Sidra
21/04/2019,Credit  card,Car,-100,QAR,-100,QAR,Accident fine 
21/04/2019,Credit  card,Eating out,-39,QAR,-39,QAR,Food Rotana
21/04/2019,Cash,Gifts,-3,QAR,-3,QAR,Tip Rotana
21/04/2019,Credit  card,House,-109,QAR,-109,QAR,Sugar Checker
21/04/2019,Credit  card,Food,-120.65,QAR,-120.65,QAR,Grocery Safari 
25/04/2019,Credit  card,Food,-91.15,QAR,-91.15,QAR,Grocery Grand 
27/04/2019,Credit  card,Food,-114.6,QAR,-114.6,QAR,Grocery Safari 106.10+8.50
27/04/2019,Cash,Eating out,-14,QAR,-14,QAR,Food court Safari 
27/04/2019,Cash,Food,-5,QAR,-5,QAR,Grocery Ezdan
27/04/2019,Cash,Food,-42,QAR,-42,QAR,Fish from market
27/04/2019,Cash,To 'Borrowed',-24,QAR,-24,QAR,To jameer
27/04/2019,Borrowed,From 'Cash',24,QAR,24,QAR,To jameer
29/04/2019,Bank Account,Salary,"6,957",QAR,"6,957",QAR,Salary 
29/04/2019,Cash,House,-500,QAR,-500,QAR,Water Purifier 
29/04/2019,Cash,Gifts,-20,QAR,-20,QAR,Tip for Water Purifier Installation 
01/05/2019,Credit  card,School,-16.5,QAR,-16.5,QAR,School items 
02/05/2019,Credit  card,Food,-350.6,QAR,-350.6,QAR,Grocery lulu 
02/05/2019,Credit  card,Eating out,-42,QAR,-42,QAR,KFC 
03/05/2019,Cash,To 'Chitti Jamshad',-500,QAR,-500,QAR,Chitti
03/05/2019,Chitti Jamshad,From 'Cash',500,QAR,500,QAR,Chitti
10/05/2019,Cash,Eating out,-28,QAR,-28,QAR,BBQ Kottaram
10/05/2019,Cash,Charity,-20,QAR,-20,QAR,Charity AMJ
10/05/2019,Credit  card,Food,-124.35,QAR,-124.35,QAR,101.35+23 Grocery Grand 
10/05/2019,Credit  card,Clothes,-328.25,QAR,-328.25,QAR,Dress Lulu 
10/05/2019,Credit  card,Food,-11,QAR,-11,QAR,Grocery lulu 
10/05/2019,Cash,To 'Chitti Ashraf',"-1,000",QAR,"-1,000",QAR,May
10/05/2019,Chitti Ashraf,From 'Cash',"1,000",QAR,"1,000",QAR,May
11/05/2019,Credit  card,Entertainment,-140,QAR,-140,QAR,Amir Cup ticket 7 nos
11/05/2019,Cash,Charity,-200,QAR,-200,QAR,Charity  Donation(c\o Afsalkka)
13/05/2019,Cash,Eating out,-89,QAR,-89,QAR,Ifthar Ezma
13/05/2019,Credit  card,Clothes,-129,QAR,-129,QAR,Dress Max
15/05/2019,Cash,Eating out,-20,QAR,-20,QAR,Food al wakra 
15/05/2019,Cash,Eating out,-5,QAR,-5,QAR,Porratta Baithal meshawi
15/05/2019,Cash,Health,-7,QAR,-7,QAR,Medicine Hamad
16/05/2019,Cash,Eating out,-12,QAR,-12,QAR,Biriyani Baithal meshawi 
16/05/2019,Cash,Eating out,-14,QAR,-14,QAR,Wheet dosa and chicken
17/05/2019,Cash,Browed,120,QAR,120,QAR,Refund AMir cup ticket
17/05/2019,Credit  card,Health,-217.84,QAR,-217.84,QAR,Sidra discharge 2 days
17/05/2019,Credit  card,Clothes,-123,QAR,-123,QAR,Cloths Max
17/05/2019,Sakeer,To 'Cash',"-10,000",INR,-526.2,QAR,500 riyal 
17/05/2019,Cash,From 'Sakeer',526.2,QAR,526.2,QAR,500 riyal 
18/05/2019,Cash,Charity,-100,QAR,-100,QAR,CHARITY Azhar mama
18/05/2019,Cash,Entertainment,-10,QAR,-10,QAR,Metro tickets
18/05/2019,Cash,Other,-20,QAR,-20,QAR,To sakeer 
18/05/2019,Cash,Food,-8,QAR,-8,QAR,Grocery 
18/05/2019,Credit  card,Mobile,-10,QAR,-10,QAR,Ooreedoo Recharge 
18/05/2019,Credit  card,Food,-154.9,QAR,-154.9,QAR,Grocery Ansar Galary
19/05/2019,Credit  card,Clothes,-225,QAR,-225,QAR,Clothes Ansar galary(Shabana)
20/05/2019,Credit  card,Mobile,-15,QAR,-15,QAR,App Renewal 
22/05/2019,Credit  card,Health,-120,QAR,-120,QAR,Catheter Sidra(120 Nos)
24/05/2019,Credit  card,Food,-400,QAR,-400,QAR,Grocery lulu 
27/05/2019,Bank Account,To 'Cash',"-2,500",QAR,"-2,500",QAR,
27/05/2019,Cash,From 'Bank Account',"2,500",QAR,"2,500",QAR,
27/05/2019,Cash,To 'Chitti Nazir',"-2,000",QAR,"-2,000",QAR,May
27/05/2019,Chitti Nazir,From 'Cash',"2,000",QAR,"2,000",QAR,May
27/05/2019,Cash,To 'Borrowed',"-1,000",QAR,"-1,000",QAR,Nazi0
27/05/2019,Borrowed,From 'Cash',"1,000",QAR,"1,000",QAR,Nazi0
27/05/2019,Cash,Food,-7,QAR,-7,QAR,Grocery Ezdan
27/05/2019,Credit  card,Health,-150,QAR,-150,QAR,Sidra Ultra Sound and Nuclear medicine 
28/05/2019,Bank Account,To 'Borrowed',"-1,500",QAR,"-1,500",QAR,Rinu15
28/05/2019,Borrowed,From 'Bank Account',"1,500",QAR,"1,500",QAR,Rinu15
29/05/2019,Bank Account,Salary,"6,954",QAR,"6,954",QAR,Salary 
29/05/2019,Cash,Food,-4,QAR,-4,QAR,Grocery Ezdan Milk
30/05/2019,Credit  card,Communications,-300,QAR,-300,QAR,Ooreedoo Bill
30/05/2019,Bank Account,To 'Credit  card',"-2,000",QAR,"-2,000",QAR,Credit card Payment 
30/05/2019,Credit  card,From 'Bank Account',"2,000",QAR,"2,000",QAR,Credit card Payment 
31/05/2019,Cash,House,-400,QAR,-400,QAR,Water Purifier 2nd Installment 
31/05/2019,Credit  card,Food,-139.4,QAR,-139.4,QAR,Grocery lulu 
31/05/2019,Bank Account,To 'Cash',-500,QAR,-500,QAR,Cash withdrawal
31/05/2019,Cash,From 'Bank Account',500,QAR,500,QAR,Cash withdrawal
02/06/2019,Borrowed,To 'Chitti Ashraf',"-1,000",QAR,"-1,000",QAR,
02/06/2019,Chitti Ashraf,From 'Borrowed',"1,000",QAR,"1,000",QAR,
02/06/2019,Cash,Charity,-60,QAR,-60,QAR,Fither zakat 
02/06/2019,Credit  card,Clothes,-169,QAR,-169,QAR,Dress Grand 
02/06/2019,Credit  card,House,-37.5,QAR,-37.5,QAR,Gift and clothes 
03/06/2019,Credit  card,Clothes,-56.5,QAR,-56.5,QAR,Dress Grand 
03/06/2019,Credit  card,Food,-174.7,QAR,-174.7,QAR,Grocery Grand 
04/06/2019,Credit  card,Entertainment,-20,QAR,-20,QAR,Metro tickets 
04/06/2019,Cash,Entertainment,-8,QAR,-8,QAR,Metro tickets 
05/06/2019,Credit  card,Entertainment,-539.55,QAR,-539.55,QAR,Dukhan Trip
05/06/2019,Cash,Browed,430,QAR,430,QAR,Return Dukan Trip shares
06/06/2019,Cash,To 'Chitti Jamshad',-500,QAR,-500,QAR,
06/06/2019,Chitti Jamshad,From 'Cash',500,QAR,500,QAR,
08/06/2019,Credit  card,Clothes,-66.25,QAR,-66.25,QAR,Clothes Ansar galary
08/06/2019,Credit  card,Food,-187.25,QAR,-187.25,QAR,Grocery Safari 
09/06/2019,Cash,Eating out,-22,QAR,-22,QAR,Food court Safari 
09/06/2019,Cash,Health,-11,QAR,-11,QAR,Medicine Safari
12/06/2019,Borrowed,To 'Chitti Nazir',"-2,000",QAR,"-2,000",QAR,June Payment 
12/06/2019,Chitti Nazir,From 'Borrowed',"2,000",QAR,"2,000",QAR,June Payment 
12/06/2019,Credit  card,Mobile,-89,QAR,-89,QAR,Memory card Lulu Bin Omran
13/06/2019,Credit  card,Eating out,-46,QAR,-46,QAR,KFC 
14/06/2019,Credit  card,Food,-380,QAR,-380,QAR,Grocery lulu (504.80-125)
14/06/2019,Credit  card,Other,-125,QAR,-125,QAR,Mubarakka Purchase(Returned by Cash)
14/06/2019,Cash,Browed,125,QAR,125,QAR,Mubarakka Purchase(Returned by Cash)
15/06/2019,Cash,School,-150,QAR,-150,QAR,Madrasa Fee
15/06/2019,Cash,Food,-20,QAR,-20,QAR,Gas Cylinder 
15/06/2019,Cash,Eating out,-8.5,QAR,-8.5,QAR,Juice and Snacks
20/06/2019,Credit  card,Eating out,-40,QAR,-40,QAR,Food MRA(with surfaraz)
20/06/2019,Cash,Eating out,-28,QAR,-28,QAR,Food Biathal meshaf
20/06/2019,Cash,House,-125,QAR,-125,QAR,Table Purchase Afsalkka
21/06/2019,Credit  card,House,-249,QAR,-249,QAR,Trolly Bag (299 with 50 Voucher)
21/06/2019,Credit  card,Gifts,-138,QAR,-138,QAR,Purchase Home town lulu
21/06/2019,Credit  card,Food,-353.6,QAR,-353.6,QAR,Grocery lulu 
27/06/2019,Bank Account,Salary,"7,013",QAR,"7,013",QAR,Salary 
27/06/2019,Bank Account,To 'Credit  card',"-3,576",QAR,"-3,576",QAR,
27/06/2019,Credit  card,From 'Bank Account',"3,576",QAR,"3,576",QAR,
27/06/2019,Cash,Eating out,-30,QAR,-30,QAR,Star Burger Brost
28/06/2019,Credit  card,House,-130,QAR,-130,QAR,Household and Toys ansar galary 
28/06/2019,Credit  card,Food,-150,QAR,-150,QAR,Grocery Ansar Galary
28/06/2019,Credit  card,Gifts,-434,QAR,-434,QAR,Purchase Home town Ansar galary 
29/06/2019,Cash,CHARITY ,550,QAR,550,QAR,Charity  Donation Rcvd ( Mansoor500+Afsalkka50)
29/06/2019,Cash,House,-112,QAR,-112,QAR,Other and Correction 
30/06/2019,Cash,House,-400,QAR,-400,QAR,Water Purifier 3rd Installment(Final)
30/06/2019,Bank Account,To 'Cash',"-1,100",QAR,"-1,100",QAR,Cash withdrawal
30/06/2019,Cash,From 'Bank Account',"1,100",QAR,"1,100",QAR,Cash withdrawal
01/07/2019,Credit  card,Communications,-600,QAR,-600,QAR,Ooreedoo Bill
03/07/2019,Cash,Eating out,-13,QAR,-13,QAR,Tea and Snacks
04/07/2019,Cash,Eating out,-29,QAR,-29,QAR,Food Biathal meshaf
04/07/2019,Credit  card,Gifts,-70,QAR,-70,QAR,Purchase Home town Grand
04/07/2019,Credit  card,Food,-86.4,QAR,-86.4,QAR,Grocery Grand 
04/07/2019,Cash,Car,-20,QAR,-20,QAR,Petrol 
05/07/2019,Credit  card,Clothes,-100,QAR,-100,QAR,Abdu and diya Clothes 
05/07/2019,Credit  card,Gifts,-230,QAR,-230,QAR,Purchase Home town Safari 
05/07/2019,Bank Account,To 'Cash',"-1,000",QAR,"-1,000",QAR,Cash withdrawal
05/07/2019,Cash,To 'Chitti Ashraf',"-1,000",QAR,"-1,000",QAR,July 
05/07/2019,Cash,From 'Bank Account',"1,000",QAR,"1,000",QAR,Cash withdrawal
05/07/2019,Chitti Ashraf,From 'Cash',"1,000",QAR,"1,000",QAR,July 
06/07/2019,Cash,House,-10,QAR,-10,QAR,Fancy items Shabana Safari 
06/07/2019,Cash,Eating out,-19,QAR,-19,QAR,BBQ Shawarma king
06/07/2019,Credit  card,Clothes,-22,QAR,-22,QAR,Cloths lulu 
06/07/2019,Credit  card,Food,-70,QAR,-70,QAR,Grocery lulu 
06/07/2019,Credit  card,Gifts,-257.6,QAR,-257.6,QAR,Purchase Home town lulu
07/07/2019,Cash,Other,-30,QAR,-30,QAR,Hair cut 
07/07/2019,Cash,Clothes,-80,QAR,-80,QAR,Cloths Safari Mall
07/07/2019,Credit  card,Health,-47.21,QAR,-47.21,QAR,Medicine Sidra
07/07/2019,Credit  card,Gifts,-101,QAR,-101,QAR,Purchase Home town Safari 
08/07/2019,Cash,Car,-300,QAR,-300,QAR,Car Repairs
10/07/2019,Chitti Jamshad,To 'NRI Account',"-2,688",QAR,"-2,688",QAR,
10/07/2019,NRI Account,From 'Chitti Jamshad',"51,078.384",INR,"2,688",QAR,
10/07/2019,Bank Account,To 'Chitti Nazir',"-2,000",QAR,"-2,000",QAR,July Payment 
10/07/2019,Bank Account,To 'Borrowed',"-1,000",QAR,"-1,000",QAR,Return to Nazir
10/07/2019,Chitti Nazir,From 'Bank Account',"2,000",QAR,"2,000",QAR,July Payment 
10/07/2019,Borrowed,From 'Bank Account',"1,000",QAR,"1,000",QAR,Return to Nazir
11/07/2019,Credit  card,Eating out,-23.75,QAR,-23.75,QAR,Snacks from Grand 
24/07/2019,Bank Account,To 'Credit  card',"-3,102.44",QAR,"-3,102.44",QAR,Credit card Payment 
24/07/2019,Credit  card,From 'Bank Account',"3,102.44",QAR,"3,102.44",QAR,Credit card Payment 
30/07/2019,Bank Account,Salary,"7,013",QAR,"7,013",QAR,Salary 
30/07/2019,Bank Account,Salary,"19,500",QAR,"19,500",QAR,Bonus 
04/08/2019,Chitti Jamshad,To 'NRI Account',"-1,812",QAR,"-1,812",QAR,Chitti Payment 
04/08/2019,Jamshad,To 'NRI Account',"-15,580",INR,-819.819,QAR,
04/08/2019,NRI Account,From 'Chitti Jamshad',"34,428",INR,"1,812",QAR,Chitti Payment 
04/08/2019,NRI Account,From 'Jamshad',"15,580",INR,819.819,QAR,
15/08/2019,Credit  card,Eating out,-75.1,QAR,-75.1,QAR,Lunch Coimbatore 
18/08/2019,Cash,Transport,-60,QAR,-60,QAR,Taxi Fare From Airport 
18/08/2019,Credit  card,House,-422.11,QAR,-422.11,QAR,Kindle Purchase 
18/08/2019,Credit  card,Food,-156.15,QAR,-156.15,QAR,Grocery Grand 
19/08/2019,Credit  card,Mobile,-10,QAR,-10,QAR,Mobile recharge 
19/08/2019,Credit  card,Food,-160.35,QAR,-160.35,QAR,Grocery Lulu
19/08/2019,Credit  card,To 'Borrowed',-400,QAR,-400,QAR,Jamshad Borrowed 
19/08/2019,Bank Account,To 'Borrowed',"-1,600",QAR,"-1,600",QAR,Jamshad Borrowed 
19/08/2019,Bank Account,To 'NRI Account',"-15,000",QAR,"-15,000",QAR,
19/08/2019,Borrowed,From 'Credit  card',400,QAR,400,QAR,Jamshad Borrowed 
19/08/2019,Borrowed,From 'Bank Account',"1,600",QAR,"1,600",QAR,Jamshad Borrowed 
19/08/2019,NRI Account,From 'Bank Account',"291,309",INR,"15,000",QAR,
20/08/2019,Cash,House,-11,QAR,-11,QAR,Electrical Tools 
21/08/2019,Cash,House,-100,QAR,-100,QAR,Cleaning Nal kumar
22/08/2019,Credit  card,Eating out,-54,QAR,-54,QAR,KFC 
22/08/2019,Credit  card,Food,-60.05,QAR,-60.05,QAR,Grocery Grand 
22/08/2019,Credit  card,To 'Borrowed',"-1,000",QAR,"-1,000",QAR,Jamshad Borrowed 
22/08/2019,Borrowed,From 'Credit  card',"1,000",QAR,"1,000",QAR,Jamshad Borrowed 
22/08/2019,Cash,Eating out,-6,QAR,-6,QAR,Food Biathal meshaf
23/08/2019,Cash,Internet Share ,100,QAR,100,QAR,Internet Share
23/08/2019,Bank Account,To 'Chitti Nazir',"-2,000",QAR,"-2,000",QAR,August Payment 
23/08/2019,Chitti Nazir,From 'Bank Account',"2,000",QAR,"2,000",QAR,August Payment 
24/08/2019,Cash,Food,-41,QAR,-41,QAR,Fish from market
24/08/2019,Cash,To 'Borrowed',-26,QAR,-26,QAR,Jameer Borrowed (Fish)
24/08/2019,Borrowed,From 'Cash',26,QAR,26,QAR,Jameer Borrowed (Fish)
26/08/2019,Credit  card,House,-200,QAR,-200,QAR,QID Replacement
28/08/2019,Bank Account,Salary,"7,013",QAR,"7,013",QAR,Salary 
28/08/2019,Credit  card,Car,-20,QAR,-20,QAR,Petrol Waqood
29/08/2019,Cash,Eating out,-39,QAR,-39,QAR,BBQ Shawarma king
29/08/2019,Credit  card,Food,-54.65,QAR,-54.65,QAR,Grocery Grand 
30/08/2019,Credit  card,Food,-58.75,QAR,-58.75,QAR,Grocery Grand 
30/08/2019,Credit  card,Food,-231.1,QAR,-231.1,QAR,Grocery Lulu 
30/08/2019,Credit  card,House,-25,QAR,-25,QAR,Household 
30/08/2019,Credit  card,Health,-16,QAR,-16,QAR,Pharmacy Lulu 
30/08/2019,Borrowed,To 'Cash',-500,QAR,-500,QAR,Rinu Return 
30/08/2019,Cash,From 'Borrowed',500,QAR,500,QAR,Rinu Return 
31/08/2019,Borrowed,Food,-26,QAR,-26,QAR,Fish from market(Jameer)
31/08/2019,Credit  card,Communications,-600,QAR,-600,QAR,Ooredoo Bill
02/09/2019,NRI Account,To 'Borrowed India',"-149,000",INR,"-7,840.38",QAR,To Yahiya 
02/09/2019,Borrowed India,From 'NRI Account',"149,000",INR,"7,840.38",QAR,To Yahiya 
02/09/2019,Bank Account,To 'Credit  card',"-2,598.76",QAR,"-2,598.76",QAR,Credit card Payment 
02/09/2019,Credit  card,From 'Bank Account',"2,598.76",QAR,"2,598.76",QAR,Credit card Payment 
04/09/2019,Credit  card,Work,-48.4,QAR,-48.4,QAR,$13 Udemy Course 
05/09/2019,Cash,Eating out,-30,QAR,-30,QAR,Food Biathal meshawi
06/09/2019,Credit  card,Food,-38.35,QAR,-38.35,QAR,Grocery Grand 
06/09/2019,Credit  card,Food,-208,QAR,-208,QAR,Grocery lulu 
07/09/2019,Credit  card,School,"-3,600",QAR,"-3,600",QAR,School Fees +Transport 
08/09/2019,Cash,Eating out,-11,QAR,-11,QAR,Food Biathal meshaf
08/09/2019,Bank Account,To 'Cash',"-2,000",QAR,"-2,000",QAR,Cash withdrawal
08/09/2019,Cash,To 'Chitti Nazir',"-2,000",QAR,"-2,000",QAR,September Payment 
08/09/2019,Cash,From 'Bank Account',"2,000",QAR,"2,000",QAR,Cash withdrawal
08/09/2019,Chitti Nazir,From 'Cash',"2,000",QAR,"2,000",QAR,September Payment 
09/09/2019,Cash,Work,-235,QAR,-235,QAR,Hard disk 195 and Caddy 40
10/09/2019,Credit  card,Health,-50.37,QAR,-50.37,QAR,Sidra Pharmacy 
10/09/2019,Credit  card,Health,-10,QAR,-10,QAR,Sidra Store
10/09/2019,Credit  card,Eating out,-28,QAR,-28,QAR,Food MRA
10/09/2019,Credit  card,Food,-34.9,QAR,-34.9,QAR,Grocery Safari
10/09/2019,Bank Account,To 'Credit  card',-800,QAR,-800,QAR,Credit card Payment 
10/09/2019,Credit  card,From 'Bank Account',800,QAR,800,QAR,Credit card Payment 
10/09/2019,Credit  card,Health,-30,QAR,-30,QAR,Sidra Consultation Fee
12/09/2019,Credit  card,Food,-130.5,QAR,-130.5,QAR,Grocery Grand 
13/09/2019,Cash,Eating out,-6,QAR,-6,QAR,Tea and Snacks
13/09/2019,Cash,House,-3,QAR,-3,QAR,Kanmashi
13/09/2019,Cash,Car,-15,QAR,-15,QAR,Car Wash 
13/09/2019,Credit  card,Food,-105.25,QAR,-105.25,QAR,Grocery Indian 
15/09/2019,Cash,To 'Chitti Ashraf',"-2,000",QAR,"-2,000",QAR,August and September Payment 
15/09/2019,Chitti Ashraf,From 'Cash',"2,000",QAR,"2,000",QAR,August and September Payment 
15/09/2019,Chitti Ashraf,To 'Cash',"-12,000",QAR,"-12,000",QAR,Chitti Withdraw 
15/09/2019,Cash,From 'Chitti Ashraf',"12,000",QAR,"12,000",QAR,Chitti Withdraw 
18/09/2019,Cash,Eating out,-125,QAR,-125,QAR,Sadhya Mannai 
19/09/2019,Cash,School,-21,QAR,-21,QAR,Book 
19/09/2019,Credit  card,Food,-171.45,QAR,-171.45,QAR,Grocery Grand 
21/09/2019,Cash,School,-150,QAR,-150,QAR,Madrasa Fee September 
21/09/2019,Cash,Eating out,-6,QAR,-6,QAR,Food Biathal meshawi
21/09/2019,Credit  card,Food,-95.34,QAR,-95.34,QAR,Grocery Ansar Galary
24/09/2019,Cash,Internet Share ,100,QAR,100,QAR,Internet Share
24/09/2019,Cash,To 'Borrowed',-100,QAR,-100,QAR,Return to Jojo
24/09/2019,Borrowed,From 'Cash',100,QAR,100,QAR,Return to Jojo
25/09/2019,Credit  card,School,-10,QAR,-10,QAR,Exam Writing pads 
25/09/2019,Credit  card,Mobile,-19,QAR,-19,QAR,Car Mobile Holder 
25/09/2019,Credit  card,Food,-22.25,QAR,-22.25,QAR,Grocery Grand 
27/09/2019,Credit  card,Food,-266.4,QAR,-266.4,QAR,Grocery Lulu
27/09/2019,Credit  card,Health,-8,QAR,-8,QAR,Tape Pharmacy 
27/09/2019,Bank Account,To 'Credit  card',"-4,694.89",QAR,"-4,694.89",QAR,Credit card Payment 
27/09/2019,Credit  card,From 'Bank Account',"4,694.89",QAR,"4,694.89",QAR,Credit card Payment 
28/09/2019,Credit  card,Health,-40,QAR,-40,QAR,Hospital Consultation Fee Aliviya
28/09/2019,Credit  card,Health,-45.25,QAR,-45.25,QAR,Medicine Aliviya
28/09/2019,Bank Account,Salary,"7,013",QAR,"7,013",QAR,Salary 
30/09/2019,Cash,To 'NRI Account',"-9,985",QAR,"-9,985",QAR,
30/09/2019,NRI Account,From 'Cash',"192,710.5",INR,"9,985",QAR,
30/09/2019,Cash,Bills,-15,QAR,-15,QAR,Transfer Charge 
30/09/2019,NRI Account,To 'Borrowed India',"-65,000",INR,"-3,420.3",QAR,To Peppi 
30/09/2019,Borrowed India,From 'NRI Account',"65,000",INR,"3,420.3",QAR,To Peppi 
01/10/2019,Credit  card,House,-90,QAR,-90,QAR,Garden items 
01/10/2019,Bank Account,Gifts,-543,QAR,-543,QAR,Gold Purchase Akshaya for thasna
01/10/2019,Credit  card,Eating out,-42,QAR,-42,QAR,KFC 
03/10/2019,Cash,Eating out,-10,QAR,-10,QAR,Porratta Baithal meshawi
03/10/2019,Credit  card,Food,-12,QAR,-12,QAR,Grocery Grand 
04/10/2019,Credit  card,House,-15,QAR,-15,QAR,Chappal for Diya
04/10/2019,Credit  card,Food,-81.15,QAR,-81.15,QAR,Grocery Grand 
05/10/2019,Cash,Entertainment,-25,QAR,-25,QAR,Cycle Repair 
05/10/2019,Cash,House,-35,QAR,-35,QAR,Hair cut 
07/10/2019,Credit  card,Food,-28,QAR,-28,QAR,Grocery Grand 
07/10/2019,NRI Account,To 'Borrowed India',"-125,000",INR,"-6,577.5",QAR,Shabna's Vappa
07/10/2019,Borrowed India,From 'NRI Account',"125,000",INR,"6,577.5",QAR,Shabna's Vappa
09/10/2019,Credit  card,House,-264.5,QAR,-264.5,QAR,Home appliances and bed sheet
09/10/2019,Bank Account,To 'Chitti Ashraf',"-1,000",QAR,"-1,000",QAR,October Payment 
09/10/2019,Chitti Ashraf,From 'Bank Account',"1,000",QAR,"1,000",QAR,October Payment 
10/10/2019,Cash,Eating out,-15,QAR,-15,QAR,BBQ Baithal meshawi 
10/10/2019,Credit  card,Food,-81.4,QAR,-81.4,QAR,Grocery Grand 
12/10/2019,Credit  card,Car,-43,QAR,-43,QAR,Car cleaner and Jumber
12/10/2019,Credit  card,House,-27,QAR,-27,QAR,Battery 
12/10/2019,Credit  card,Food,-298.85,QAR,-298.85,QAR,Grocery Lulu
12/10/2019,Bank Account,To 'Chitti Nazir',"-2,000",QAR,"-2,000",QAR,October Payment 
12/10/2019,Chitti Nazir,From 'Bank Account',"2,000",QAR,"2,000",QAR,October Payment 
17/10/2019,Cash,Eating out,-50,QAR,-50,QAR,Food Biathal meshaf
19/10/2019,Credit  card,Food,-257.15,QAR,-257.15,QAR,Grocery Lulu 
21/10/2019,Cash,Food,-20,QAR,-20,QAR,Gas Cylinder 
21/10/2019,Credit  card,Mobile,-10,QAR,-10,QAR,Mobile recharge 
23/10/2019,Bank Account,House,-340,QAR,-340,QAR,Filter(Cartridge change and shower filter)
24/10/2019,Credit  card,Food,-48.25,QAR,-48.25,QAR,Grocery Carrefour 
24/10/2019,Credit  card,Eating out,-59,QAR,-59,QAR,McDonald's Chicken 
26/10/2019,Credit  card,Other,-12,QAR,-12,QAR,Battery and Sunglass
26/10/2019,Credit  card,Food,-157.95,QAR,-157.95,QAR,Grocery Grand 
28/10/2019,Credit  card,Communications,-600,QAR,-600,QAR,Ooreedoo Bill
28/10/2019,Borrowed,To 'Bank Account',"-3,000",QAR,"-3,000",QAR,Jamshad Return
28/10/2019,Bank Account,From 'Borrowed',"3,000",QAR,"3,000",QAR,Jamshad Return
31/10/2019,Credit  card,Eating out,-65,QAR,-65,QAR,Food Rotana
31/10/2019,Credit  card,Food,-74.85,QAR,-74.85,QAR,Grocery Grand 
31/10/2019,Bank Account,To 'Credit  card',"-2,538.15",QAR,"-2,538.15",QAR,Credit card Payment 
31/10/2019,Credit  card,From 'Bank Account',"2,538.15",QAR,"2,538.15",QAR,Credit card Payment 
31/10/2019,Bank Account,Salary,"7,013",QAR,"7,013",QAR,Salary 
31/10/2019,NRI Account,To 'Borrowed India',"-20,000",INR,"-1,052.4",QAR,Riyas
31/10/2019,Borrowed India,From 'NRI Account',"20,000",INR,"1,052.4",QAR,Riyas
02/11/2019,Bank Account,To 'Chitti Nazir',"-2,000",QAR,"-2,000",QAR,November Payment 
02/11/2019,Chitti Nazir,From 'Bank Account',"2,000",QAR,"2,000",QAR,November Payment 
03/11/2019,Credit  card,Food,-195.4,QAR,-195.4,QAR,Grocery Grand 
05/11/2019,Bank Account,To 'Borrowed',"-2,000",QAR,"-2,000",QAR,To Rinu(Given)
05/11/2019,Borrowed,From 'Bank Account',"2,000",QAR,"2,000",QAR,To Rinu(Given)
07/11/2019,Cash,Eating out,-29,QAR,-29,QAR,Food Biathal meshawi
07/11/2019,Cash,Eating out,-14,QAR,-14,QAR,Snacks Noble school 
07/11/2019,Credit  card,Food,-96.45,QAR,-96.45,QAR,Grocery Grand 
07/11/2019,Bank Account,To 'Cash',-200,QAR,-200,QAR,Cash withdrawal
07/11/2019,Cash,From 'Bank Account',200,QAR,200,QAR,Cash withdrawal
09/11/2019,Cash,Eating out,-34,QAR,-34,QAR,Snacks at Safari 
09/11/2019,Credit  card,Food,-75.35,QAR,-75.35,QAR,Grocery Safari 
09/11/2019,Credit  card,Health,-8,QAR,-8,QAR,Tape Pharmacy 
09/11/2019,Bank Account,To 'Chitti Ashraf',"-2,000",QAR,"-2,000",QAR,November and December Payment 
09/11/2019,Chitti Ashraf,From 'Bank Account',"2,000",QAR,"2,000",QAR,November and December Payment 
10/11/2019,Credit  card,Food,-226.6,QAR,-226.6,QAR,Grocery Lulu
10/11/2019,Credit  card,Sports,-199,QAR,-199,QAR,Bicycle 
11/11/2019,Credit  card,Mobile,-25,QAR,-25,QAR,True Caller Renewal 
12/11/2019,Cash,House,"-1,350",QAR,"-1,350",QAR,Desktop computers Purchase 
12/11/2019,Bank Account,To 'Cash',"-1,300",QAR,"-1,300",QAR,Withdrawal 
12/11/2019,Cash,From 'Bank Account',"1,300",QAR,"1,300",QAR,Withdrawal 
15/11/2019,Cash,Internet Share ,100,QAR,100,QAR,Internet Share- November 
15/11/2019,Credit  card,Food,-155.4,QAR,-155.4,QAR,Grocery Grand 
15/11/2019,Credit  card,House,-7,QAR,-7,QAR,Grand others
15/11/2019,Credit  card,Health,-40,QAR,-40,QAR,Hospital Consultation Fee Aliviya
15/11/2019,Credit  card,Health,-240,QAR,-240,QAR,Hospital teeth removal Fee Aliviya
15/11/2019,Credit  card,Health,-43.63,QAR,-43.63,QAR,Medicine Aliviya
16/11/2019,Cash,School,-150,QAR,-150,QAR,Madrasa Fee October 
16/11/2019,Cash,Internet Share ,200,QAR,200,QAR,Internet Share- Oct and November Karun
18/11/2019,Credit  card,Health,-30,QAR,-30,QAR,Sidra Consultation Fee
18/11/2019,Credit  card,Health,-11.16,QAR,-11.16,QAR,Sidra Pharmacy 
18/11/2019,Credit  card,Health,-50,QAR,-50,QAR,Catheter Sidra(50 Nos)
18/11/2019,Credit  card,Eating out,-71,QAR,-71,QAR,MRA restaurant 
21/11/2019,Cash,Eating out,-20,QAR,-20,QAR,Food Biathal meshaf
21/11/2019,Credit  card,Food,-55.75,QAR,-55.75,QAR,Grocery Grand 
22/11/2019,Cash,Eating out,-42.5,QAR,-42.5,QAR,Fish grill
23/11/2019,Credit  card,Mobile,-120,QAR,-120,QAR,Filmora Screen capture Purchase 
23/11/2019,Bank Account,To 'Cash',-100,QAR,-100,QAR,Cash withdrawal
23/11/2019,Cash,From 'Bank Account',100,QAR,100,QAR,Cash withdrawal
23/11/2019,Cash,House,-35,QAR,-35,QAR,Hair cut 
23/11/2019,Cash,School,-150,QAR,-150,QAR,Madrasa Fee November 
24/11/2019,Credit  card,Food,-232.05,QAR,-232.05,QAR,Grocery Grand 
25/11/2019,Credit  card,Mobile,-150,QAR,-150,QAR,Memory card Ali Express 256Gb
26/11/2019,Bank Account,Salary,"7,013",QAR,"7,013",QAR,Salary 
26/11/2019,Cash,Transport,-20,QAR,-20,QAR,Petrol 
27/11/2019,Bank Account,To 'Credit  card',"-2,018.84",QAR,"-2,018.84",QAR,Credit card Payment 
27/11/2019,Credit  card,From 'Bank Account',"2,018.84",QAR,"2,018.84",QAR,Credit card Payment 
28/11/2019,Credit  card,Health,-30,QAR,-30,QAR,Medicine PHCC
28/11/2019,Credit  card,Food,-211.95,QAR,-211.95,QAR,Grocery Lulu
28/11/2019,Cash,Eating out,-32,QAR,-32,QAR,Food Biathal meshawi
01/12/2019,Cash,Transport,-20,QAR,-20,QAR,Petrol 
02/12/2019,Credit  card,Food,-102.32,QAR,-102.32,QAR,Grocery Lulu
02/12/2019,Credit  card,Sports,-12,QAR,-12,QAR,Lock cycle 
02/12/2019,Bank Account,To 'Borrowed',-500,QAR,-500,QAR,Sharfaraz Borrowed 
02/12/2019,Borrowed,From 'Bank Account',500,QAR,500,QAR,Sharfaraz Borrowed 
03/12/2019,Credit  card,Transport,-10,QAR,-10,QAR,Qatar rail Card recharge 
03/12/2019,Cash,Transport,-20,QAR,-20,QAR,Petrol 
05/12/2019,Borrowed,To 'Cash',"-2,000",QAR,"-2,000",QAR,Rinu Return 
05/12/2019,Cash,From 'Borrowed',"2,000",QAR,"2,000",QAR,Rinu Return 
05/12/2019,Credit  card,Health,-37.93,QAR,-37.93,QAR,Sidra Pharmacy 
05/12/2019,Credit  card,Eating out,-59,QAR,-59,QAR,McDonald's Chicken 
05/12/2019,Credit  card,Food,-24.5,QAR,-24.5,QAR,Grocery Lulu
06/12/2019,Cash,Eating out,-13,QAR,-13,QAR,Snacks 
09/12/2019,Credit  card,Food,-176.3,QAR,-176.3,QAR,Grocery Grand 
09/12/2019,Bank Account,To 'Cash',"-1,500",QAR,"-1,500",QAR,Cash withdrawal
09/12/2019,Cash,To 'Chitti Nazir',"-2,000",QAR,"-2,000",QAR,December Payment 
09/12/2019,Cash,To 'Borrowed',"-1,000",QAR,"-1,000",QAR,To Nazi
09/12/2019,Cash,From 'Bank Account',"1,500",QAR,"1,500",QAR,Cash withdrawal
09/12/2019,Chitti Nazir,From 'Cash',"2,000",QAR,"2,000",QAR,December Payment 
09/12/2019,Borrowed,From 'Cash',"1,000",QAR,"1,000",QAR,To Nazi
10/12/2019,Cash,Internet Share ,100,QAR,100,QAR,Internet Share(23) December 
10/12/2019,NRI Account,To 'Cash',"-32,000",INR,"-1,683.84",QAR,Shaik Mansoor (Microsoft exam33)
10/12/2019,Cash,From 'NRI Account',"1,683.84",QAR,"1,683.84",QAR,Shaik Mansoor (Microsoft exam33)
12/12/2019,Cash,Eating out,-35,QAR,-35,QAR,Baithal meshawi parcel
12/12/2019,Cash,To 'BBQ',-15,QAR,-15,QAR,
12/12/2019,BBQ,From 'Cash',15,QAR,15,QAR,
13/12/2019,Cash,Car,-20,QAR,-20,QAR,Petrol Waqood
15/12/2019,Credit  card,Food,-109.05,QAR,-109.05,QAR,Grocery lulu 
15/12/2019,Bank Account,To 'Cash',"-1,500",QAR,"-1,500",QAR,Cash withdrawal
15/12/2019,Cash,To 'NRI Account',"-1,957.51",QAR,"-1,957.51",QAR,Sent Money to India
15/12/2019,Cash,From 'Bank Account',"1,500",QAR,"1,500",QAR,Cash withdrawal
15/12/2019,NRI Account,From 'Cash',"37,799.518",INR,"1,957.51",QAR,Sent Money to India
16/12/2019,Cash,Car,-20,QAR,-20,QAR,Petrol waqood 
16/12/2019,Credit  card,Food,-4.5,QAR,-4.5,QAR,Lulu Purchase 
16/12/2019,Borrowed,To 'Cash',-500,QAR,-500,QAR,Sharfaraz Returns 
16/12/2019,Cash,From 'Borrowed',500,QAR,500,QAR,Sharfaraz Returns 
18/12/2019,Credit  card,Food,-186.22,QAR,-186.22,QAR,Grocery lulu 
19/12/2019,BBQ,Entertainment,-15,QAR,-15,QAR,Porratta Baithal meshawi
19/12/2019,BBQ,Entertainment,-42,QAR,-42,QAR,BBQ Wakra beach 
19/12/2019,Credit  card,To 'BBQ',-221.7,QAR,-221.7,QAR,Common Purchase 
19/12/2019,BBQ,From 'Credit  card',221.7,QAR,221.7,QAR,Common Purchase 
20/12/2019,Cash,Entertainment,-8,QAR,-8,QAR,Metro tickets 
21/12/2019,Cash,Food,-20,QAR,-20,QAR,Gas Cylinder 
21/12/2019,Credit  card,Mobile,-10,QAR,-10,QAR,Mobile recharge 
22/12/2019,Credit  card,Food,-64.75,QAR,-64.75,QAR,Grocery Grand 
23/12/2019,BBQ,To 'Cash',-42,QAR,-42,QAR,Mansoor
23/12/2019,Cash,From 'BBQ',42,QAR,42,QAR,Mansoor
26/12/2019,Credit  card,Food,-145.95,QAR,-145.95,QAR,Grocery Grand 
26/12/2019,Credit  card,Eating out,-39,QAR,-39,QAR,Food Talabat
27/12/2019,Credit  card,Clothes,-190,QAR,-190,QAR,Cloths Safari
27/12/2019,Credit  card,House,-27,QAR,-27,QAR,Pampers 
27/12/2019,Cash,Clothes,-18,QAR,-18,QAR,Maftha Safari Mall
27/12/2019,Cash,Eating out,-3,QAR,-3,QAR,Vada 
27/12/2019,Cash,Clothes,-5,QAR,-5,QAR,Watch repair
28/12/2019,Credit  card,Clothes,-30,QAR,-30,QAR,Cloths Max
28/12/2019,Cash,Mobile,-125,QAR,-125,QAR,Earbuds Mi 
29/12/2019,Credit  card,Transport,"-2,991",QAR,"-2,991",QAR,Tickets to India 
30/12/2019,Bank Account,Salary,"7,013",QAR,"7,013",QAR,
30/12/2019,Credit  card,Food,-170.53,QAR,-170.53,QAR,Grocery Lulu
30/12/2019,Bank Account,To 'Credit  card',"-3,500",QAR,"-3,500",QAR,Credit card Payment 
30/12/2019,Credit  card,From 'Bank Account',"3,500",QAR,"3,500",QAR,Credit card Payment 
01/01/2020,Credit  card,Communications,-600,QAR,-600,QAR,Ooreedoo Bill
02/01/2020,Cash,Eating out,-32,QAR,-32,QAR,Food Biathal meshawi
04/01/2020,Credit  card,Work,-40,QAR,-40,QAR,Az 500 course Purchase 
04/01/2020,Cash,School,"-2,700",QAR,"-2,700",QAR,School Fees +Transport 
04/01/2020,Cash,Gold Purchase,"-1,532",QAR,"-1,532",QAR,Gold Purchase Akshaya 8.21gm
04/01/2020,Credit  card,Mobile,-599,QAR,-599,QAR,Mobile Purchase for shabana 
04/01/2020,Bank Account,To 'Credit  card',"-1,500",QAR,"-1,500",QAR,Credit card Payment 
04/01/2020,Bank Account,To 'Cash',"-3,700",QAR,"-3,700",QAR,Cash withdrawal
04/01/2020,Cash,To 'Borrowed',"-3,000",QAR,"-3,000",QAR,Borrowed to Jamshad
04/01/2020,Bank Account,To 'Cash',"-2,000",QAR,"-2,000",QAR,Cash withdrawal
04/01/2020,Credit  card,From 'Bank Account',"1,500",QAR,"1,500",QAR,Credit card Payment 
04/01/2020,Cash,From 'Bank Account',"3,700",QAR,"3,700",QAR,Cash withdrawal
04/01/2020,Borrowed,From 'Cash',"3,000",QAR,"3,000",QAR,Borrowed to Jamshad
04/01/2020,Cash,From 'Bank Account',"2,000",QAR,"2,000",QAR,Cash withdrawal
05/01/2020,Credit  card,Food,-264.9,QAR,-264.9,QAR,Grocery lulu 
05/01/2020,Bank Account,To 'Chitti Nazir',"-2,000",QAR,"-2,000",QAR,January Payment 
05/01/2020,Chitti Nazir,From 'Bank Account',"2,000",QAR,"2,000",QAR,January Payment 
08/01/2020,Cash,Internet Share ,100,QAR,100,QAR,Internet Share- January (23)
09/01/2020,Cash,Eating out,-10,QAR,-10,QAR,Baithal meshawi parcel
10/01/2020,Cash,Internet Share ,100,QAR,100,QAR,Internet Share Karun December 
11/01/2020,Cash,School,-300,QAR,-300,QAR,Madrasa Fee December and January 
11/01/2020,Credit  card,Food,-20.5,QAR,-20.5,QAR,Milk Grand
11/01/2020,Credit  card,Food,-226.09,QAR,-226.09,QAR,Grocery  Lulu 
11/01/2020,Credit  card,Food,-17.5,QAR,-17.5,QAR,Pampers 
13/01/2020,Credit  card,Health,-50,QAR,-50,QAR,Sidra Catheter 
13/01/2020,Bank Account,To 'Borrowed',"-1,000",QAR,"-1,000",QAR,To Rinu(Given)
13/01/2020,Borrowed,From 'Bank Account',"1,000",QAR,"1,000",QAR,To Rinu(Given)
16/01/2020,Cash,Eating out,-30,QAR,-30,QAR,Food Biathal meshawi
16/01/2020,Credit  card,Transport,-10,QAR,-10,QAR,Qatar rail Card recharge 
16/01/2020,Credit  card,Food,-91.85,QAR,-91.85,QAR,Grocery Grand 
20/01/2020,Cash,Internet Share ,100,QAR,100,QAR,Internet Share- January (Flat 4)
20/01/2020,Credit  card,Food,-218.3,QAR,-218.3,QAR,Grocery Grand 
20/01/2020,Credit  card,Food,-11.1,QAR,-11.1,QAR,Grocery Grand 
21/01/2020,Cash,Transport,-4,QAR,-4,QAR,Metro tickets
23/01/2020,Cash,Eating out,-38,QAR,-38,QAR,Food Biathal meshawi
25/01/2020,Credit  card,Clothes,-131.85,QAR,-131.85,QAR,Dress Lulu 
25/01/2020,Credit  card,Food,-100.75,QAR,-100.75,QAR,Grocery Lulu
25/01/2020,Credit  card,Gifts,-199,QAR,-199,QAR,Mic and Speakers
25/01/2020,Cash,House,-15,QAR,-15,QAR,Hair cut 
28/01/2020,Bank Account,To 'Cash',"-2,700",QAR,"-2,700",QAR,Cash withdrawal
28/01/2020,Cash,To 'Borrowed',"-3,000",QAR,"-3,000",QAR,Given to Jans 
28/01/2020,Cash,From 'Bank Account',"2,700",QAR,"2,700",QAR,Cash withdrawal
28/01/2020,Borrowed,From 'Cash',"3,000",QAR,"3,000",QAR,Given to Jans 
29/01/2020,Bank Account,Salary,"26,596",QAR,"26,596",QAR,Salary (Including furniture allowance)
30/01/2020,Credit  card,Food,-131,QAR,-131,QAR,Grocery Grand 
31/01/2020,Bank Account,To 'Credit  card',"-2,603.1",QAR,"-2,603.1",QAR,Credit card Payment 26
31/01/2020,Credit  card,From 'Bank Account',"2,603.1",QAR,"2,603.1",QAR,Credit card Payment 26
01/02/2020,Credit  card,Food,-231.5,QAR,-231.5,QAR,Grocery  Lulu 
04/02/2020,NRI Account,To 'Borrowed India',"-20,000",INR,"-1,052.4",QAR,Binu
04/02/2020,Borrowed India,From 'NRI Account',"20,000",INR,"1,052.4",QAR,Binu
06/02/2020,Credit  card,Eating out,-47,QAR,-47,QAR,KFC 
07/02/2020,Cash,Internet Share ,100,QAR,100,QAR,Internet Share- February (23)
08/02/2020,Credit  card,Food,-15.75,QAR,-15.75,QAR,Grocery Grand 
09/02/2020,Credit  card,Food,-27.65,QAR,-27.65,QAR,Grocery Grand 
09/02/2020,Cash,Car,-20,QAR,-20,QAR,Petrol
10/02/2020,Credit  card,Food,-49,QAR,-49,QAR,Grocery Grand 
11/02/2020,Credit  card,Other,-200,QAR,-200,QAR,Credit Yearly Charges 
13/02/2020,Cash,Salary,600,QAR,600,QAR,MICROSOFT Exam Reimbursement 
13/02/2020,Credit  card,Gifts,-375.25,QAR,-375.25,QAR,Purchase Home town Ansar galary 
13/02/2020,Credit  card,Eating out,-37.5,QAR,-37.5,QAR,MRA restaurant 
14/02/2020,Credit  card,Clothes,-112,QAR,-112,QAR,Dress Safari 
14/02/2020,Credit  card,House,-30,QAR,-30,QAR,Toy car
14/02/2020,Credit  card,Communications,-300,QAR,-300,QAR,Ooreedoo Bill
14/02/2020,Credit  card,Communications,-10,QAR,-10,QAR,Ooreedoo Recharge 
14/02/2020,Credit  card,Food,-135.9,QAR,-135.9,QAR,Grocery Grand 
14/02/2020,Credit  card,Clothes,-418,QAR,-418,QAR,Dress and Shoes 409+9
14/02/2020,Credit  card,Food,-49.1,QAR,-49.1,QAR,Grocery lulu 
15/02/2020,Credit  card,Other,-50,QAR,-50,QAR,Bank Charges 
15/02/2020,Cash,Internet Share ,200,QAR,200,QAR,Internet Share- Jan and Feb Karun
17/02/2020,Cash,Gifts,"-2,812",QAR,"-2,812",QAR,Gold Purchase 
17/02/2020,Bank Account,To 'Cash',"-3,500",QAR,"-3,500",QAR,Cash withdrawal
17/02/2020,Cash,From 'Bank Account',"3,500",QAR,"3,500",QAR,Cash withdrawal
17/02/2020,Credit  card,Food,-12,QAR,-12,QAR,Grocery  Lulu 
18/02/2020,Cash,Eating out,-25,QAR,-25,QAR,BBQ Shawarma king
19/02/2020,Cash,To 'Chitti Nazir',"-2,000",QAR,"-2,000",QAR,February Payment
19/02/2020,Borrowed,To 'Cash',-500,QAR,-500,QAR,Nazi Return 
19/02/2020,Chitti Nazir,From 'Cash',"2,000",QAR,"2,000",QAR,February Payment
19/02/2020,Cash,From 'Borrowed',500,QAR,500,QAR,Nazi Return 
19/02/2020,Bank Account,Other,-15,QAR,-15,QAR,Commission Money Exchange 
19/02/2020,Credit  card,House,-20,QAR,-20,QAR,Packing Buble wrapper
19/02/2020,Bank Account,To 'NRI Account',"-19,985",QAR,"-19,985",QAR,Sent Money to India
19/02/2020,NRI Account,From 'Bank Account',"389,707",INR,"19,985",QAR,Sent Money to India
20/02/2020,Cash,Eating out,-14,QAR,-14,QAR,Food Biathal meshawi
20/02/2020,Credit  card,Food,-29.5,QAR,-29.5,QAR,Grocery Grand 
20/02/2020,Credit  card,House,-15,QAR,-15,QAR,Packing Buble wrapper
26/02/2020,Bank Account,Salary,"37,384",QAR,"37,384",QAR,Salary 
27/02/2020,Bank Account,To 'Credit  card',"-2,296.12",QAR,"-2,296.12",QAR,Credit card Payment 
27/02/2020,Credit  card,From 'Bank Account',"2,296.12",QAR,"2,296.12",QAR,Credit card Payment 
07/03/2020,Cash,Taxi,-40,QAR,-40,QAR,Taxi Fare From Airport 
08/03/2020,Borrowed,To 'Cash',"-3,000",QAR,"-3,000",QAR,Jans Returned 
08/03/2020,Cash,From 'Borrowed',"3,000",QAR,"3,000",QAR,Jans Returned 
08/03/2020,Credit  card,Food,-145.66,QAR,-145.66,QAR,Grocery Grand 
12/03/2020,Cash,Eating out,-25,QAR,-25,QAR,Food Biathal meshawi
13/03/2020,Cash,Internet Share ,100,QAR,100,QAR,Internet Share- March (23)
13/03/2020,Bank Account,To 'Chitti Nazir',"-2,000",QAR,"-2,000",QAR,March Payment
13/03/2020,Chitti Nazir,From 'Bank Account',"2,000",QAR,"2,000",QAR,March Payment
13/03/2020,Credit  card,Food,-206.59,QAR,-206.59,QAR,Grocery Grand 
15/03/2020,Credit  card,Health,-50,QAR,-50,QAR,Sidra Ultra Sound 
15/03/2020,Credit  card,Health,-110,QAR,-110,QAR,Sidra Catheter 
15/03/2020,Credit  card,Health,-7.41,QAR,-7.41,QAR,Sidra Pharmacy 
17/03/2020,Credit  card,Food,-555.34,QAR,-555.34,QAR,Grocery  Lulu 
18/03/2020,Credit  card,Communications,-600,QAR,-600,QAR,Ooreedoo Bill
18/03/2020,Chitti Nazir,To 'Bank Account',"-20,000",QAR,"-20,000",QAR,Chitti Withdraw 
18/03/2020,Bank Account,From 'Chitti Nazir',"20,000",QAR,"20,000",QAR,Chitti Withdraw 
18/03/2020,Credit  card,To 'Borrowed',"-2,100",QAR,"-2,100",QAR,Purchased by Jamshad
18/03/2020,Borrowed,From 'Credit  card',"2,100",QAR,"2,100",QAR,Purchased by Jamshad
19/03/2020,Credit  card,To 'Borrowed',-75.74,QAR,-75.74,QAR,Purchased by Jamshad
19/03/2020,Credit  card,To 'Borrowed',-89.6,QAR,-89.6,QAR,Purchased by Jamshad
19/03/2020,Borrowed,From 'Credit  card',75.74,QAR,75.74,QAR,Purchased by Jamshad
19/03/2020,Borrowed,From 'Credit  card',89.6,QAR,89.6,QAR,Purchased by Jamshad
20/03/2020,Borrowed,To 'Cash',"-1,000",QAR,"-1,000",QAR,Rinu Return 
20/03/2020,Cash,From 'Borrowed',"1,000",QAR,"1,000",QAR,Rinu Return 
22/03/2020,Bank Account,Salary,"7,354",QAR,"7,354",QAR,Salary 
22/03/2020,Bank Account,Food,-122.75,QAR,-122.75,QAR,Grocery Grand 
22/03/2020,Cash,To 'Borrowed',"-3,000",QAR,"-3,000",QAR,To Jamshad
22/03/2020,Borrowed,From 'Cash',"3,000",QAR,"3,000",QAR,To Jamshad
24/03/2020,Bank Account,House,-15,QAR,-15,QAR,Commission Money Exchange 
24/03/2020,Bank Account,To 'NRI Account',"-29,985",QAR,"-29,985",QAR,Transfer to NRI 
24/03/2020,NRI Account,From 'Bank Account',"619,190.25",INR,"29,985",QAR,Transfer to NRI 
26/03/2020,Borrowed,To 'Bank Account',"-3,000",QAR,"-3,000",QAR,Jamshad Return
26/03/2020,Borrowed,To 'NRI Account',"-3,500",QAR,"-3,500",QAR,Jamshad Return
26/03/2020,Bank Account,From 'Borrowed',"3,000",QAR,"3,000",QAR,Jamshad Return
26/03/2020,NRI Account,From 'Borrowed',"72,100",INR,"3,500",QAR,Jamshad Return
27/03/2020,Cash,Eating out,-25,QAR,-25,QAR,Food Biathal meshawi
31/03/2020,Bank Account,To 'Credit  card',"-3,939.34",QAR,"-3,939.34",QAR,Credit card Payment 
31/03/2020,Credit  card,From 'Bank Account',"3,939.34",QAR,"3,939.34",QAR,Credit card Payment 
01/04/2020,Credit  card,Food,-193.38,QAR,-193.38,QAR,Grocery  Lulu 
02/04/2020,Cash,Eating out,-54,QAR,-54,QAR,KFC 
03/04/2020,Bank Account,School,"-2,550",QAR,"-2,550",QAR,School Fees + Books 
09/04/2020,Cash,Eating out,-30,QAR,-30,QAR,Food Biathal meshawi
09/04/2020,Bank Account,To 'Chitti Nazir',"-1,500",QAR,"-1,500",QAR,April Payment 
09/04/2020,Borrowed,To 'Chitti Nazir',-500,QAR,-500,QAR,Return Nazir 
09/04/2020,Chitti Nazir,From 'Bank Account',"1,500",QAR,"1,500",QAR,April Payment 
09/04/2020,Chitti Nazir,From 'Borrowed',500,QAR,500,QAR,Return Nazir 
11/04/2020,Credit  card,Food,-198.6,QAR,-198.6,QAR,Grocery Grand 
14/04/2020,Bank Account,To 'Borrowed',-500,QAR,-500,QAR,To Jamshad
14/04/2020,Borrowed,From 'Bank Account',500,QAR,500,QAR,To Jamshad
15/04/2020,Bank Account,Health,-34.2,QAR,-34.2,QAR,Sidra Pharmacy 
16/04/2020,Credit  card,Eating out,-50,QAR,-50,QAR,Food Talabat
18/04/2020,Cash,Food,-66,QAR,-66,QAR,Beef Market 
18/04/2020,Credit  card,Food,-40,QAR,-40,QAR,Grocery Grand 
19/04/2020,Credit  card,Mobile,-30,QAR,-30,QAR,Ooreedoo Recharge 
19/04/2020,Credit  card,School,-15,QAR,-15,QAR,Physics vala Donation 
20/04/2020,Credit  card,Communications,-300,QAR,-300,QAR,Ooreedoo Bill
20/04/2020,Credit  card,School,-22,QAR,-22,QAR,Grand others
20/04/2020,Credit  card,Food,-380,QAR,-380,QAR,Grocery Grand 
22/04/2020,Cash,Internet Share ,100,QAR,100,QAR,Internet Share- March (Flat 4)
29/04/2020,Cash,Food,-40,QAR,-40,QAR,Grocery Ezdan 3
30/04/2020,Bank Account,Salary,"7,021",QAR,"7,021",QAR,Salary 
30/04/2020,Bank Account,To 'Credit  card',"-1,229",QAR,"-1,229",QAR,Credit card Payment 
30/04/2020,Credit  card,From 'Bank Account',"1,229",QAR,"1,229",QAR,Credit card Payment 
30/04/2020,Credit  card,Charity,-94,QAR,-94,QAR,Donation 
01/05/2020,Cash,Food,-61,QAR,-61,QAR,Grocery Ezdan 3
05/05/2020,Cash,Food,-20,QAR,-20,QAR,Chicken Fresh 
06/05/2020,Credit  card,Food,-218.13,QAR,-218.13,QAR,Grocery Getit
07/05/2020,Cash,Food,-77,QAR,-77,QAR,Beef Market 
07/05/2020,Cash,Eating out,-45,QAR,-45,QAR,KFC 
07/05/2020,Cash,Internet Share ,300,QAR,300,QAR,"Internet Share- April, May June(23)"
08/05/2020,Bank Account,Health,-18.51,QAR,-18.51,QAR,Medicine Sidra
17/05/2020,Cash,House,-85,QAR,-85,QAR,Grand others
